index,price
0,110.0
1,133.0
2,69.0
3,59.0
4,192.0
5,110.0
6,58.0
7,116.0
8,118.0
9,109.0
10,143.0
11,69.0
12,59.0
13,221.0
14,109.0
15,59.0
16,124.0
17,125.0
18,163.0
19,109.0
20,166.0
21,193.0
22,163.0
23,122.0
24,108.0
25,123.0
26,89.0
27,281.0
28,165.0
29,110.0
30,168.0
31,195.0
32,165.0
33,124.0
34,110.0
35,125.0
36,91.0
37,91.0
38,353.0
39,335.0
40,342.0
41,144.0
42,233.0
43,96.0
44,192.0
45,94.0
46,356.0
47,199.0
48,370.0
49,141.0
50,74.0
51,96.0
52,149.0
53,161.0
54,105.0
55,143.0
56,135.0
57,138.0
58,160.0
59,140.0
60,225.0
61,84.0
62,68.0
63,147.0
64,214.0
65,70.0
66,157.0
67,106.0
68,145.0
69,139.0
70,143.0
71,167.0
72,145.0
73,232.0
74,84.0
75,68.0
76,147.0
77,220.0
78,69.0
79,160.0
80,187.0
81,180.0
82,270.0
83,70.0
84,135.0
85,135.0
86,229.0
87,182.0
88,109.0
89,205.0
90,71.0
91,108.0
92,146.0
93,145.0
94,144.0
95,170.0
96,146.0
97,250.0
98,83.0
99,68.0
100,146.0
101,228.0
102,69.0
103,165.0
104,109.0
105,146.0
106,146.0
107,145.0
108,181.0
109,147.0
110,260.0
111,84.0
112,68.0
113,141.0
114,246.0
115,69.0
116,167.0
117,226.0
118,214.0
119,253.0
120,57.0
121,137.0
122,129.0
123,228.0
124,222.0
125,110.0
126,221.0
127,72.0
128,157.0
129,163.0
130,111.0
131,119.0
132,241.0
133,349.0
134,106.0
135,122.0
136,241.0
137,363.0
138,147.0
139,77.0
140,100.0
141,148.0
142,79.0
143,101.0
144,112.0
145,154.0
146,81.0
147,104.0
148,81.0
149,112.0
150,112.0
151,153.0
152,105.0
153,104.0
154,177.0
155,119.0
156,130.0
157,84.0
158,125.0
159,195.0
160,172.0
161,268.0
162,273.0
163,172.0
164,176.0
165,168.0
166,116.0
167,126.0
168,79.0
169,119.0
170,184.0
171,166.0
172,266.0
173,263.0
174,166.0
175,166.0
176,293.0
177,274.0
178,281.0
179,127.0
180,203.0
181,86.0
182,173.0
183,86.0
184,278.0
185,179.0
186,293.0
187,303.0
188,278.0
189,292.0
190,130.0
191,203.0
192,86.0
193,173.0
194,87.0
195,291.0
196,179.0
197,321.0
198,311.0
199,293.0
200,308.0
201,131.0
202,205.0
203,86.0
204,175.0
205,87.0
206,311.0
207,182.0
208,335.0
209,316.0
210,298.0
211,307.0
212,137.0
213,220.0
214,93.0
215,187.0
216,94.0
217,310.0
218,193.0
219,329.0
220,265.0
221,91.0
222,291.0
223,423.0
224,398.0
225,424.0
226,163.0
227,161.0
228,408.0
229,398.0
230,291.0
231,85.0
232,115.0
233,112.0
234,115.0
235,169.0
236,113.0
237,114.0
238,112.0
239,95.0
240,200.0
241,115.0
242,114.0
243,114.0
244,170.0
245,113.0
246,114.0
247,114.0
248,96.0
249,202.0
250,95.0
251,339.0
252,116.0
253,233.0
254,110.0
255,139.0
256,69.0
257,59.0
258,202.0
259,111.0
260,59.0
261,118.0
262,119.0
263,109.0
264,143.0
265,69.0
266,60.0
267,222.0
268,109.0
269,59.0
270,124.0
271,125.0
272,107.0
273,146.0
274,69.0
275,58.0
276,234.0
277,107.0
278,59.0
279,127.0
280,127.0
281,61.0
282,281.0
283,116.0
284,193.0
285,157.0
286,164.0
287,122.0
288,113.0
289,177.0
290,305.0
291,78.0
292,205.0
293,160.0
294,167.0
295,130.0
296,115.0
297,187.0
298,310.0
299,79.0
300,355.0
301,367.0
302,248.0
303,355.0
304,147.0
305,334.0
306,221.0
307,150.0
308,84.0
309,100.0
310,65.0
311,51.0
312,96.0
313,97.0
314,101.0
315,65.0
316,52.0
317,98.0
318,101.0
319,105.0
320,70.0
321,53.0
322,108.0
323,104.0
324,270.0
325,160.0
326,106.0
327,163.0
328,189.0
329,159.0
330,120.0
331,107.0
332,122.0
333,87.0
334,87.0
335,114.0
336,113.0
337,114.0
338,169.0
339,113.0
340,114.0
341,114.0
342,96.0
343,200.0
344,105.0
345,146.0
346,70.0
347,62.0
348,237.0
349,107.0
350,59.0
351,126.0
352,126.0
353,96.0
354,63.0
355,143.0
356,46.0
357,117.0
358,140.0
359,73.0
360,63.0
361,204.0
362,117.0
363,62.0
364,124.0
365,126.0
366,99.0
367,319.0
368,120.0
369,227.0
370,79.0
371,79.0
372,125.0
373,79.0
374,66.0
375,88.0
376,79.0
377,79.0
378,66.0
379,79.0
380,196.0
381,201.0
382,256.0
383,69.0
384,134.0
385,135.0
386,227.0
387,209.0
388,108.0
389,220.0
390,72.0
391,111.0
392,153.0
393,80.0
394,104.0
395,81.0
396,110.0
397,111.0
398,152.0
399,104.0
400,104.0
401,133.0
402,417.0
403,153.0
404,161.0
405,77.0
406,278.0
407,412.0
408,276.0
409,272.0
410,413.0
411,378.0
412,272.0
413,379.0
414,413.0
415,171.0
416,144.0
417,151.0
418,114.0
419,106.0
420,162.0
421,247.0
422,74.0
423,287.0
424,284.0
425,275.0
426,127.0
427,201.0
428,90.0
429,174.0
430,89.0
431,285.0
432,177.0
433,286.0
434,77.0
435,77.0
436,122.0
437,78.0
438,86.0
439,77.0
440,77.0
441,77.0
442,218.0
443,207.0
444,245.0
445,55.0
446,139.0
447,129.0
448,223.0
449,215.0
450,110.0
451,214.0
452,72.0
453,87.0
454,48.0
455,226.0
456,214.0
457,255.0
458,58.0
459,144.0
460,134.0
461,230.0
462,221.0
463,115.0
464,220.0
465,76.0
466,80.0
467,43.0
468,44.0
469,90.0
470,55.0
471,162.0
472,46.0
473,78.0
474,78.0
475,124.0
476,79.0
477,65.0
478,88.0
479,79.0
480,78.0
481,66.0
482,79.0
483,311.0
484,286.0
485,300.0
486,133.0
487,209.0
488,88.0
489,178.0
490,89.0
491,298.0
492,184.0
493,329.0
494,173.0
495,120.0
496,130.0
497,82.0
498,122.0
499,188.0
500,170.0
501,273.0
502,274.0
503,172.0
504,171.0
505,148.0
506,156.0
507,95.0
508,61.0
509,48.0
510,97.0
511,93.0
512,175.0
513,146.0
514,152.0
515,115.0
516,104.0
517,163.0
518,258.0
519,72.0
520,263.0
521,92.0
522,294.0
523,422.0
524,396.0
525,422.0
526,164.0
527,163.0
528,406.0
529,396.0
530,294.0
531,86.0
532,126.0
533,131.0
534,198.0
535,127.0
536,216.0
537,172.0
538,84.0
539,191.0
540,319.0
541,300.0
542,316.0
543,134.0
544,210.0
545,88.0
546,178.0
547,89.0
548,319.0
549,186.0
550,343.0
551,202.0
552,192.0
553,264.0
554,72.0
555,137.0
556,137.0
557,229.0
558,198.0
559,111.0
560,222.0
561,73.0
562,113.0
563,114.0
564,70.0
565,130.0
566,129.0
567,70.0
568,70.0
569,82.0
570,82.0
571,129.0
572,83.0
573,69.0
574,91.0
575,82.0
576,82.0
577,70.0
578,83.0
579,98.0
580,318.0
581,119.0
582,228.0
583,120.0
584,128.0
585,192.0
586,127.0
587,211.0
588,163.0
589,79.0
590,187.0
591,97.0
592,64.0
593,145.0
594,47.0
595,85.0
596,47.0
597,47.0
598,96.0
599,59.0
600,170.0
601,50.0
602,114.0
603,123.0
604,256.0
605,367.0
606,238.0
607,93.0
608,281.0
609,424.0
610,343.0
611,378.0
612,162.0
613,160.0
614,410.0
615,343.0
616,290.0
617,84.0
618,120.0
619,125.0
620,190.0
621,122.0
622,202.0
623,164.0
624,81.0
625,185.0
626,96.0
627,61.0
628,47.0
629,92.0
630,94.0
631,94.0
632,64.0
633,48.0
634,96.0
635,93.0
636,211.0
637,216.0
638,235.0
639,57.0
640,134.0
641,136.0
642,231.0
643,225.0
644,108.0
645,224.0
646,70.0
647,93.0
648,336.0
649,112.0
650,232.0
651,333.0
652,306.0
653,324.0
654,142.0
655,224.0
656,95.0
657,189.0
658,97.0
659,319.0
660,195.0
661,352.0
662,156.0
663,104.0
664,158.0
665,184.0
666,154.0
667,117.0
668,103.0
669,118.0
670,84.0
671,108.0
672,148.0
673,78.0
674,101.0
675,78.0
676,107.0
677,108.0
678,148.0
679,101.0
680,101.0
681,109.0
682,74.0
683,168.0
684,53.0
685,445.0
686,430.0
687,392.0
688,431.0
689,430.0
690,421.0
691,315.0
692,310.0
693,427.0
694,425.0
695,192.0
696,210.0
697,265.0
698,67.0
699,137.0
700,137.0
701,235.0
702,218.0
703,110.0
704,228.0
705,73.0
706,121.0
707,126.0
708,190.0
709,122.0
710,208.0
711,165.0
712,81.0
713,183.0
714,259.0
715,98.0
716,274.0
717,439.0
718,371.0
719,376.0
720,169.0
721,163.0
722,428.0
723,371.0
724,297.0
725,89.0
726,162.0
727,170.0
728,109.0
729,150.0
730,79.0
731,102.0
732,79.0
733,109.0
734,109.0
735,149.0
736,103.0
737,102.0
738,110.0
739,148.0
740,148.0
741,146.0
742,175.0
743,148.0
744,261.0
745,86.0
746,70.0
747,145.0
748,236.0
749,71.0
750,169.0
751,476.0
752,458.0
753,440.0
754,459.0
755,458.0
756,454.0
757,321.0
758,316.0
759,458.0
760,455.0
761,150.0
762,163.0
763,337.0
764,349.0
765,235.0
766,337.0
767,145.0
768,347.0
769,226.0
770,144.0
771,80.0
772,326.0
773,332.0
774,245.0
775,326.0
776,135.0
777,331.0
778,244.0
779,134.0
780,73.0
781,323.0
782,336.0
783,254.0
784,323.0
785,141.0
786,335.0
787,216.0
788,141.0
789,72.0
790,147.0
791,78.0
792,100.0
793,105.0
794,103.0
795,105.0
796,156.0
797,105.0
798,105.0
799,105.0
800,87.0
801,183.0
802,95.0
803,61.0
804,155.0
805,47.0
806,249.0
807,148.0
808,166.0
809,148.0
810,346.0
811,356.0
812,262.0
813,346.0
814,137.0
815,354.0
816,261.0
817,137.0
818,77.0
819,173.0
820,143.0
821,154.0
822,114.0
823,104.0
824,161.0
825,251.0
826,72.0
827,185.0
828,204.0
829,258.0
830,63.0
831,132.0
832,133.0
833,228.0
834,211.0
835,106.0
836,220.0
837,69.0
838,149.0
839,105.0
840,105.0
841,178.0
842,105.0
843,176.0
844,148.0
845,106.0
846,61.0
847,290.0
848,118.0
849,274.0
850,87.0
851,287.0
852,429.0
853,429.0
854,430.0
855,151.0
856,151.0
857,415.0
858,429.0
859,287.0
860,86.0
861,130.0
862,404.0
863,149.0
864,158.0
865,75.0
866,271.0
867,400.0
868,270.0
869,266.0
870,400.0
871,364.0
872,266.0
873,364.0
874,400.0
875,210.0
876,162.0
877,171.0
878,132.0
879,118.0
880,191.0
881,318.0
882,80.0
883,306.0
884,280.0
885,295.0
886,131.0
887,205.0
888,87.0
889,175.0
890,90.0
891,293.0
892,180.0
893,324.0
894,140.0
895,100.0
896,100.0
897,167.0
898,100.0
899,165.0
900,140.0
901,101.0
902,398.0
903,391.0
904,364.0
905,386.0
906,441.0
907,434.0
908,313.0
909,306.0
910,438.0
911,437.0
912,128.0
913,389.0
914,142.0
915,143.0
916,79.0
917,271.0
918,385.0
919,270.0
920,233.0
921,382.0
922,391.0
923,266.0
924,391.0
925,382.0
926,397.0
927,391.0
928,362.0
929,386.0
930,441.0
931,434.0
932,314.0
933,307.0
934,438.0
935,437.0
936,276.0
937,98.0
938,308.0
939,441.0
940,413.0
941,441.0
942,173.0
943,172.0
944,425.0
945,413.0
946,308.0
947,91.0
948,262.0
949,156.0
950,103.0
951,158.0
952,182.0
953,155.0
954,116.0
955,103.0
956,117.0
957,83.0
958,84.0
959,135.0
960,70.0
961,91.0
962,250.0
963,149.0
964,165.0
965,130.0
966,70.0
967,88.0
968,88.0
969,134.0
970,70.0
971,70.0
972,70.0
973,108.0
974,115.0
975,241.0
976,345.0
977,93.0
978,60.0
979,47.0
980,89.0
981,92.0
982,435.0
983,447.0
984,388.0
985,445.0
986,447.0
987,438.0
988,321.0
989,317.0
990,444.0
991,443.0
992,172.0
993,119.0
994,128.0
995,81.0
996,121.0
997,186.0
998,169.0
999,271.0
1000,272.0
1001,171.0
1002,170.0
1003,467.0
1004,452.0
1005,413.0
1006,452.0
1007,452.0
1008,442.0
1009,326.0
1010,321.0
1011,449.0
1012,446.0
1013,159.0
1014,166.0
1015,140.0
1016,73.0
1017,95.0
1018,173.0
1019,145.0
1020,152.0
1021,115.0
1022,107.0
1023,164.0
1024,250.0
1025,75.0
1026,111.0
1027,118.0
1028,245.0
1029,355.0
1030,139.0
1031,95.0
1032,72.0
1033,100.0
1034,101.0
1035,138.0
1036,96.0
1037,95.0
1038,422.0
1039,434.0
1040,377.0
1041,431.0
1042,434.0
1043,425.0
1044,312.0
1045,306.0
1046,431.0
1047,428.0
1048,455.0
1049,437.0
1050,419.0
1051,437.0
1052,437.0
1053,433.0
1054,306.0
1055,301.0
1056,436.0
1057,432.0
1058,197.0
1059,204.0
1060,248.0
1061,68.0
1062,134.0
1063,136.0
1064,230.0
1065,212.0
1066,108.0
1067,223.0
1068,70.0
1069,460.0
1070,445.0
1071,406.0
1072,445.0
1073,445.0
1074,435.0
1075,325.0
1076,321.0
1077,442.0
1078,440.0
1079,257.0
1080,154.0
1081,172.0
1082,136.0
1083,284.0
1084,280.0
1085,273.0
1086,125.0
1087,200.0
1088,88.0
1089,172.0
1090,87.0
1091,281.0
1092,176.0
1093,283.0
1094,294.0
1095,102.0
1096,320.0
1097,466.0
1098,436.0
1099,465.0
1100,179.0
1101,177.0
1102,450.0
1103,436.0
1104,319.0
1105,94.0
1106,196.0
1107,215.0
1108,266.0
1109,68.0
1110,140.0
1111,140.0
1112,240.0
1113,222.0
1114,113.0
1115,232.0
1116,74.0
1117,221.0
1118,210.0
1119,255.0
1120,57.0
1121,133.0
1122,123.0
1123,223.0
1124,217.0
1125,107.0
1126,217.0
1127,70.0
1128,108.0
1129,147.0
1130,77.0
1131,101.0
1132,77.0
1133,106.0
1134,107.0
1135,147.0
1136,101.0
1137,101.0
1138,114.0
1139,148.0
1140,71.0
1141,61.0
1142,219.0
1143,114.0
1144,61.0
1145,124.0
1146,129.0
1147,206.0
1148,212.0
1149,252.0
1150,71.0
1151,140.0
1152,141.0
1153,239.0
1154,220.0
1155,113.0
1156,231.0
1157,74.0
1158,97.0
1159,63.0
1160,49.0
1161,94.0
1162,97.0
1163,60.0
1164,289.0
1165,117.0
1166,62.0
1167,289.0
1168,119.0
1169,200.0
1170,191.0
1171,261.0
1172,72.0
1173,137.0
1174,138.0
1175,229.0
1176,197.0
1177,110.0
1178,223.0
1179,72.0
1180,111.0
1181,152.0
1182,81.0
1183,104.0
1184,81.0
1185,111.0
1186,111.0
1187,152.0
1188,104.0
1189,104.0
1190,457.0
1191,443.0
1192,424.0
1193,441.0
1194,443.0
1195,437.0
1196,311.0
1197,305.0
1198,440.0
1199,436.0
1200,150.0
1201,106.0
1202,106.0
1203,179.0
1204,106.0
1205,178.0
1206,149.0
1207,106.0
1208,118.0
1209,124.0
1210,189.0
1211,121.0
1212,201.0
1213,163.0
1214,83.0
1215,183.0
1216,94.0
1217,60.0
1218,47.0
1219,97.0
1220,93.0
1221,63.0
1222,292.0
1223,120.0
1224,105.0
1225,142.0
1226,140.0
1227,140.0
1228,165.0
1229,142.0
1230,243.0
1231,82.0
1232,67.0
1233,142.0
1234,221.0
1235,68.0
1236,160.0
1237,274.0
1238,271.0
1239,262.0
1240,122.0
1241,192.0
1242,86.0
1243,167.0
1244,85.0
1245,272.0
1246,170.0
1247,274.0
1248,335.0
1249,349.0
1250,263.0
1251,335.0
1252,146.0
1253,348.0
1254,226.0
1255,146.0
1256,76.0
1257,114.0
1258,155.0
1259,82.0
1260,106.0
1261,82.0
1262,112.0
1263,113.0
1264,154.0
1265,106.0
1266,106.0
1267,128.0
1268,394.0
1269,138.0
1270,146.0
1271,87.0
1272,266.0
1273,337.0
1274,266.0
1275,208.0
1276,389.0
1277,386.0
1278,263.0
1279,386.0
1280,389.0
1281,98.0
1282,317.0
1283,120.0
1284,227.0
1285,374.0
1286,394.0
1287,346.0
1288,390.0
1289,447.0
1290,406.0
1291,316.0
1292,309.0
1293,446.0
1294,406.0
1295,104.0
1296,142.0
1297,74.0
1298,97.0
1299,75.0
1300,104.0
1301,104.0
1302,142.0
1303,97.0
1304,97.0
1305,100.0
1306,363.0
1307,118.0
1308,242.0
1309,59.0
1310,279.0
1311,113.0
1312,113.0
1313,114.0
1314,60.0
1315,69.0
1316,130.0
1317,129.0
1318,186.0
1319,69.0
1320,113.0
1321,69.0
1322,276.0
1323,164.0
1324,174.0
1325,148.0
1326,95.0
1327,61.0
1328,155.0
1329,48.0
1330,118.0
1331,149.0
1332,74.0
1333,64.0
1334,217.0
1335,118.0
1336,63.0
1337,126.0
1338,128.0
1339,100.0
1340,62.0
1341,180.0
1342,52.0
1343,322.0
1344,301.0
1345,312.0
1346,139.0
1347,225.0
1348,95.0
1349,188.0
1350,94.0
1351,307.0
1352,194.0
1353,322.0
1354,172.0
1355,145.0
1356,151.0
1357,112.0
1358,103.0
1359,158.0
1360,254.0
1361,71.0
1362,107.0
1363,106.0
1364,107.0
1365,160.0
1366,106.0
1367,107.0
1368,106.0
1369,89.0
1370,188.0
1371,264.0
1372,157.0
1373,105.0
1374,160.0
1375,185.0
1376,156.0
1377,117.0
1378,104.0
1379,118.0
1380,85.0
1381,85.0
1382,137.0
1383,95.0
1384,72.0
1385,99.0
1386,101.0
1387,137.0
1388,95.0
1389,95.0
1390,132.0
1391,95.0
1392,95.0
1393,158.0
1394,94.0
1395,157.0
1396,132.0
1397,96.0
1398,75.0
1399,75.0
1400,119.0
1401,76.0
1402,83.0
1403,75.0
1404,75.0
1405,75.0
1406,253.0
1407,150.0
1408,99.0
1409,152.0
1410,175.0
1411,149.0
1412,111.0
1413,98.0
1414,112.0
1415,80.0
1416,80.0
1417,102.0
1418,375.0
1419,121.0
1420,250.0
1421,199.0
1422,156.0
1423,163.0
1424,126.0
1425,112.0
1426,182.0
1427,302.0
1428,76.0
1429,230.0
1430,219.0
1431,264.0
1432,59.0
1433,141.0
1434,129.0
1435,234.0
1436,228.0
1437,113.0
1438,227.0
1439,75.0
1440,316.0
1441,296.0
1442,312.0
1443,133.0
1444,209.0
1445,89.0
1446,177.0
1447,90.0
1448,316.0
1449,185.0
1450,340.0
1451,107.0
1452,114.0
1453,237.0
1454,343.0
1455,331.0
1456,340.0
1457,250.0
1458,331.0
1459,130.0
1460,339.0
1461,250.0
1462,130.0
1463,72.0
1464,177.0
1465,172.0
1466,257.0
1467,69.0
1468,129.0
1469,130.0
1470,219.0
1471,172.0
1472,104.0
1473,195.0
1474,68.0
1475,118.0
1476,126.0
1477,190.0
1478,125.0
1479,208.0
1480,161.0
1481,77.0
1482,184.0
1483,193.0
1484,184.0
1485,253.0
1486,70.0
1487,130.0
1488,132.0
1489,220.0
1490,190.0
1491,105.0
1492,213.0
1493,69.0
1494,123.0
1495,388.0
1496,142.0
1497,151.0
1498,75.0
1499,258.0
1500,383.0
1501,258.0
1502,254.0
1503,384.0
1504,347.0
1505,254.0
1506,347.0
1507,384.0
1508,61.0
1509,285.0
1510,117.0
1511,285.0
1512,91.0
1513,298.0
1514,444.0
1515,443.0
1516,444.0
1517,158.0
1518,158.0
1519,430.0
1520,443.0
1521,298.0
1522,90.0
1523,147.0
1524,98.0
1525,149.0
1526,174.0
1527,146.0
1528,110.0
1529,97.0
1530,111.0
1531,79.0
1532,334.0
1533,342.0
1534,253.0
1535,334.0
1536,133.0
1537,342.0
1538,253.0
1539,133.0
1540,74.0
1541,364.0
1542,376.0
1543,255.0
1544,364.0
1545,155.0
1546,375.0
1547,241.0
1548,154.0
1549,87.0
1550,112.0
1551,154.0
1552,81.0
1553,104.0
1554,81.0
1555,111.0
1556,111.0
1557,153.0
1558,105.0
1559,104.0
1560,135.0
1561,397.0
1562,139.0
1563,139.0
1564,85.0
1565,271.0
1566,338.0
1567,270.0
1568,212.0
1569,395.0
1570,389.0
1571,243.0
1572,389.0
1573,352.0
1574,253.0
1575,149.0
1576,167.0
1577,131.0
1578,247.0
1579,96.0
1580,288.0
1581,433.0
1582,354.0
1583,389.0
1584,166.0
1585,165.0
1586,420.0
1587,354.0
1588,297.0
1589,87.0
1590,280.0
1591,166.0
1592,110.0
1593,168.0
1594,196.0
1595,165.0
1596,124.0
1597,110.0
1598,125.0
1599,90.0
1600,90.0
1601,98.0
1602,311.0
1603,119.0
1604,225.0
1605,105.0
1606,106.0
1607,54.0
1608,63.0
1609,120.0
1610,119.0
1611,173.0
1612,63.0
1613,105.0
1614,63.0
1615,179.0
1616,123.0
1617,133.0
1618,85.0
1619,127.0
1620,196.0
1621,177.0
1622,284.0
1623,281.0
1624,178.0
1625,177.0
1626,249.0
1627,147.0
1628,166.0
1629,147.0
1630,100.0
1631,64.0
1632,50.0
1633,102.0
1634,99.0
1635,223.0
1636,212.0
1637,258.0
1638,58.0
1639,135.0
1640,125.0
1641,227.0
1642,221.0
1643,109.0
1644,220.0
1645,71.0
1646,261.0
1647,153.0
1648,174.0
1649,135.0
1650,267.0
1651,99.0
1652,312.0
1653,454.0
1654,391.0
1655,424.0
1656,175.0
1657,173.0
1658,440.0
1659,391.0
1660,311.0
1661,92.0
1662,190.0
1663,185.0
1664,275.0
1665,75.0
1666,139.0
1667,139.0
1668,234.0
1669,187.0
1670,112.0
1671,210.0
1672,75.0
1673,127.0
1674,394.0
1675,138.0
1676,151.0
1677,87.0
1678,270.0
1679,366.0
1680,270.0
1681,218.0
1682,388.0
1683,392.0
1684,266.0
1685,391.0
1686,388.0
1687,163.0
1688,109.0
1689,165.0
1690,194.0
1691,162.0
1692,122.0
1693,108.0
1694,123.0
1695,88.0
1696,114.0
1697,117.0
1698,180.0
1699,108.0
1700,186.0
1701,151.0
1702,78.0
1703,173.0
1704,348.0
1705,359.0
1706,242.0
1707,348.0
1708,144.0
1709,325.0
1710,213.0
1711,148.0
1712,82.0
1713,409.0
1714,405.0
1715,377.0
1716,398.0
1717,458.0
1718,451.0
1719,322.0
1720,318.0
1721,455.0
1722,456.0
1723,135.0
1724,96.0
1725,96.0
1726,160.0
1727,96.0
1728,159.0
1729,134.0
1730,96.0
1731,325.0
1732,337.0
1733,243.0
1734,325.0
1735,140.0
1736,336.0
1737,210.0
1738,140.0
1739,71.0
1740,112.0
1741,136.0
1742,70.0
1743,59.0
1744,199.0
1745,112.0
1746,59.0
1747,119.0
1748,121.0
1749,115.0
1750,155.0
1751,155.0
1752,152.0
1753,184.0
1754,154.0
1755,274.0
1756,90.0
1757,74.0
1758,152.0
1759,248.0
1760,75.0
1761,178.0
1762,93.0
1763,60.0
1764,47.0
1765,89.0
1766,92.0
1767,295.0
1768,276.0
1769,283.0
1770,127.0
1771,204.0
1772,86.0
1773,173.0
1774,86.0
1775,290.0
1776,179.0
1777,307.0
1778,112.0
1779,149.0
1780,74.0
1781,63.0
1782,234.0
1783,112.0
1784,63.0
1785,131.0
1786,132.0
1787,114.0
1788,121.0
1789,248.0
1790,356.0
1791,271.0
1792,161.0
1793,182.0
1794,143.0
1795,112.0
1796,150.0
1797,149.0
1798,149.0
1799,175.0
1800,151.0
1801,250.0
1802,88.0
1803,73.0
1804,153.0
1805,230.0
1806,74.0
1807,169.0
1808,133.0
1809,416.0
1810,152.0
1811,162.0
1812,77.0
1813,278.0
1814,412.0
1815,277.0
1816,273.0
1817,412.0
1818,374.0
1819,273.0
1820,375.0
1821,412.0
1822,94.0
1823,60.0
1824,47.0
1825,95.0
1826,92.0
1827,460.0
1828,442.0
1829,422.0
1830,441.0
1831,442.0
1832,437.0
1833,310.0
1834,305.0
1835,441.0
1836,435.0
1837,83.0
1838,44.0
1839,44.0
1840,110.0
1841,111.0
1842,58.0
1843,67.0
1844,126.0
1845,125.0
1846,182.0
1847,67.0
1848,109.0
1849,67.0
1850,345.0
1851,358.0
1852,276.0
1853,345.0
1854,153.0
1855,357.0
1856,256.0
1857,153.0
1858,78.0
1859,210.0
1860,202.0
1861,243.0
1862,55.0
1863,134.0
1864,125.0
1865,217.0
1866,208.0
1867,107.0
1868,207.0
1869,71.0
1870,60.0
1871,277.0
1872,117.0
1873,325.0
1874,337.0
1875,243.0
1876,325.0
1877,141.0
1878,335.0
1879,211.0
1880,140.0
1881,72.0
1882,171.0
1883,117.0
1884,126.0
1885,80.0
1886,120.0
1887,185.0
1888,169.0
1889,270.0
1890,267.0
1891,169.0
1892,169.0
1893,185.0
1894,179.0
1895,267.0
1896,72.0
1897,135.0
1898,136.0
1899,229.0
1900,181.0
1901,109.0
1902,204.0
1903,71.0
1904,102.0
1905,67.0
1906,165.0
1907,47.0
1908,224.0
1909,93.0
1910,262.0
1911,383.0
1912,336.0
1913,338.0
1914,157.0
1915,151.0
1916,411.0
1917,336.0
1918,264.0
1919,84.0
1920,59.0
1921,281.0
1922,114.0
1923,132.0
1924,68.0
1925,90.0
1926,350.0
1927,363.0
1928,276.0
1929,350.0
1930,154.0
1931,362.0
1932,261.0
1933,153.0
1934,79.0
1935,215.0
1936,206.0
1937,249.0
1938,56.0
1939,138.0
1940,129.0
1941,221.0
1942,213.0
1943,110.0
1944,212.0
1945,72.0
1946,105.0
1947,69.0
1948,169.0
1949,51.0
1950,103.0
1951,140.0
1952,132.0
1953,136.0
1954,157.0
1955,137.0
1956,220.0
1957,82.0
1958,67.0
1959,144.0
1960,210.0
1961,69.0
1962,154.0
1963,93.0
1964,60.0
1965,47.0
1966,90.0
1967,92.0
1968,146.0
1969,78.0
1970,99.0
1971,140.0
1972,153.0
1973,177.0
1974,123.0
1975,131.0
1976,83.0
1977,125.0
1978,192.0
1979,176.0
1980,286.0
1981,289.0
1982,177.0
1983,176.0
1984,150.0
1985,100.0
1986,152.0
1987,177.0
1988,149.0
1989,111.0
1990,99.0
1991,113.0
1992,81.0
1993,265.0
1994,158.0
1995,177.0
1996,139.0
1997,134.0
1998,96.0
1999,96.0
2000,161.0
2001,96.0
2002,159.0
2003,134.0
2004,97.0
2005,247.0
2006,92.0
2007,290.0
2008,422.0
2009,361.0
2010,392.0
2011,163.0
2012,162.0
2013,407.0
2014,361.0
2015,289.0
2016,84.0
2017,135.0
2018,419.0
2019,148.0
2020,164.0
2021,92.0
2022,287.0
2023,415.0
2024,286.0
2025,249.0
2026,412.0
2027,416.0
2028,282.0
2029,415.0
2030,412.0
2031,339.0
2032,348.0
2033,237.0
2034,339.0
2035,140.0
2036,320.0
2037,210.0
2038,144.0
2039,82.0
2040,271.0
2041,93.0
2042,297.0
2043,433.0
2044,405.0
2045,433.0
2046,166.0
2047,165.0
2048,418.0
2049,405.0
2050,296.0
2051,85.0
2052,107.0
2053,114.0
2054,238.0
2055,345.0
2056,175.0
2057,120.0
2058,129.0
2059,83.0
2060,124.0
2061,191.0
2062,173.0
2063,276.0
2064,273.0
2065,173.0
2066,173.0
2067,95.0
2068,61.0
2069,48.0
2070,97.0
2071,93.0
2072,97.0
2073,356.0
2074,114.0
2075,239.0
2076,139.0
2077,100.0
2078,100.0
2079,167.0
2080,100.0
2081,165.0
2082,138.0
2083,101.0
2084,125.0
2085,130.0
2086,198.0
2087,127.0
2088,211.0
2089,172.0
2090,84.0
2091,194.0
2092,62.0
2093,284.0
2094,119.0
2095,100.0
2096,63.0
2097,146.0
2098,46.0
2099,250.0
2100,149.0
2101,165.0
2102,130.0
2103,101.0
2104,116.0
2105,229.0
2106,338.0
2107,99.0
2108,327.0
2109,119.0
2110,234.0
2111,116.0
2112,126.0
2113,260.0
2114,383.0
2115,441.0
2116,452.0
2117,394.0
2118,451.0
2119,452.0
2120,442.0
2121,324.0
2122,322.0
2123,449.0
2124,448.0
2125,119.0
2126,122.0
2127,188.0
2128,113.0
2129,193.0
2130,159.0
2131,82.0
2132,182.0
2133,75.0
2134,75.0
2135,119.0
2136,75.0
2137,62.0
2138,83.0
2139,75.0
2140,75.0
2141,63.0
2142,75.0
2143,254.0
2144,149.0
2145,169.0
2146,130.0
2147,112.0
2148,155.0
2149,75.0
2150,66.0
2151,250.0
2152,114.0
2153,64.0
2154,134.0
2155,134.0
2156,168.0
2157,113.0
2158,123.0
2159,79.0
2160,119.0
2161,184.0
2162,163.0
2163,254.0
2164,259.0
2165,163.0
2166,167.0
2167,142.0
2168,97.0
2169,74.0
2170,102.0
2171,104.0
2172,142.0
2173,98.0
2174,97.0
2175,105.0
2176,141.0
2177,140.0
2178,140.0
2179,164.0
2180,142.0
2181,234.0
2182,82.0
2183,68.0
2184,144.0
2185,214.0
2186,69.0
2187,158.0
2188,90.0
2189,51.0
2190,51.0
2191,101.0
2192,375.0
2193,121.0
2194,249.0
2195,106.0
2196,114.0
2197,238.0
2198,343.0
2199,94.0
2200,64.0
2201,49.0
2202,96.0
2203,93.0
2204,174.0
2205,117.0
2206,130.0
2207,82.0
2208,122.0
2209,190.0
2210,172.0
2211,267.0
2212,272.0
2213,173.0
2214,172.0
2215,106.0
2216,148.0
2217,70.0
2218,61.0
2219,239.0
2220,108.0
2221,59.0
2222,127.0
2223,127.0
2224,82.0
2225,82.0
2226,129.0
2227,83.0
2228,69.0
2229,91.0
2230,82.0
2231,82.0
2232,70.0
2233,82.0
2234,197.0
2235,188.0
2236,258.0
2237,71.0
2238,133.0
2239,133.0
2240,224.0
2241,194.0
2242,107.0
2243,218.0
2244,71.0
2245,255.0
2246,95.0
2247,300.0
2248,434.0
2249,373.0
2250,404.0
2251,168.0
2252,166.0
2253,420.0
2254,373.0
2255,298.0
2256,88.0
2257,106.0
2258,71.0
2259,172.0
2260,50.0
2261,112.0
2262,122.0
2263,254.0
2264,371.0
2265,144.0
2266,76.0
2267,98.0
2268,146.0
2269,78.0
2270,100.0
2271,188.0
2272,207.0
2273,264.0
2274,66.0
2275,134.0
2276,135.0
2277,230.0
2278,214.0
2279,108.0
2280,223.0
2281,71.0
2282,99.0
2283,344.0
2284,120.0
2285,238.0
2286,110.0
2287,107.0
2288,109.0
2289,161.0
2290,109.0
2291,109.0
2292,107.0
2293,90.0
2294,191.0
2295,422.0
2296,435.0
2297,376.0
2298,432.0
2299,435.0
2300,426.0
2301,313.0
2302,307.0
2303,432.0
2304,429.0
2305,220.0
2306,210.0
2307,247.0
2308,54.0
2309,141.0
2310,131.0
2311,225.0
2312,217.0
2313,112.0
2314,216.0
2315,74.0
2316,404.0
2317,400.0
2318,371.0
2319,393.0
2320,454.0
2321,446.0
2322,320.0
2323,316.0
2324,451.0
2325,451.0
2326,155.0
2327,168.0
2328,326.0
2329,337.0
2330,230.0
2331,326.0
2332,140.0
2333,336.0
2334,222.0
2335,140.0
2336,77.0
2337,114.0
2338,117.0
2339,180.0
2340,108.0
2341,186.0
2342,151.0
2343,78.0
2344,173.0
2345,110.0
2346,142.0
2347,68.0
2348,59.0
2349,211.0
2350,110.0
2351,59.0
2352,119.0
2353,124.0
2354,266.0
2355,156.0
2356,103.0
2357,159.0
2358,185.0
2359,156.0
2360,117.0
2361,104.0
2362,118.0
2363,84.0
2364,84.0
2365,137.0
2366,71.0
2367,93.0
2368,182.0
2369,199.0
2370,256.0
2371,63.0
2372,129.0
2373,130.0
2374,221.0
2375,205.0
2376,104.0
2377,214.0
2378,68.0
2379,99.0
2380,68.0
2381,51.0
2382,101.0
2383,98.0
2384,269.0
2385,103.0
2386,286.0
2387,461.0
2388,384.0
2389,388.0
2390,175.0
2391,169.0
2392,449.0
2393,384.0
2394,309.0
2395,94.0
2396,295.0
2397,276.0
2398,283.0
2399,127.0
2400,204.0
2401,86.0
2402,173.0
2403,86.0
2404,290.0
2405,179.0
2406,307.0
2407,215.0
2408,205.0
2409,251.0
2410,56.0
2411,130.0
2412,120.0
2413,218.0
2414,212.0
2415,104.0
2416,211.0
2417,69.0
2418,227.0
2419,216.0
2420,259.0
2421,56.0
2422,146.0
2423,136.0
2424,233.0
2425,224.0
2426,116.0
2427,223.0
2428,78.0
2429,337.0
2430,350.0
2431,252.0
2432,337.0
2433,145.0
2434,348.0
2435,220.0
2436,145.0
2437,76.0
2438,77.0
2439,77.0
2440,123.0
2441,78.0
2442,64.0
2443,86.0
2444,77.0
2445,77.0
2446,65.0
2447,77.0
2448,130.0
2449,382.0
2450,133.0
2451,133.0
2452,81.0
2453,260.0
2454,327.0
2455,259.0
2456,202.0
2457,379.0
2458,373.0
2459,233.0
2460,373.0
2461,340.0
2462,107.0
2463,70.0
2464,157.0
2465,53.0
2466,157.0
2467,168.0
2468,167.0
2469,113.0
2470,125.0
2471,79.0
2472,118.0
2473,183.0
2474,165.0
2475,256.0
2476,260.0
2477,165.0
2478,165.0
2479,144.0
2480,158.0
2481,262.0
2482,156.0
2483,177.0
2484,156.0
2485,83.0
2486,83.0
2487,130.0
2488,84.0
2489,70.0
2490,92.0
2491,83.0
2492,83.0
2493,71.0
2494,83.0
2495,109.0
2496,72.0
2497,179.0
2498,52.0
2499,326.0
2500,337.0
2501,230.0
2502,326.0
2503,140.0
2504,336.0
2505,222.0
2506,140.0
2507,77.0
2508,132.0
2509,410.0
2510,151.0
2511,161.0
2512,82.0
2513,275.0
2514,406.0
2515,275.0
2516,271.0
2517,406.0
2518,368.0
2519,271.0
2520,369.0
2521,406.0
2522,254.0
2523,150.0
2524,99.0
2525,152.0
2526,175.0
2527,149.0
2528,111.0
2529,99.0
2530,112.0
2531,80.0
2532,80.0
2533,262.0
2534,157.0
2535,175.0
2536,138.0
2537,163.0
2538,171.0
2539,115.0
2540,155.0
2541,153.0
2542,153.0
2543,181.0
2544,155.0
2545,265.0
2546,90.0
2547,74.0
2548,155.0
2549,242.0
2550,75.0
2551,175.0
2552,74.0
2553,74.0
2554,117.0
2555,75.0
2556,83.0
2557,74.0
2558,74.0
2559,75.0
2560,102.0
2561,140.0
2562,73.0
2563,96.0
2564,73.0
2565,100.0
2566,102.0
2567,140.0
2568,96.0
2569,96.0
2570,79.0
2571,79.0
2572,125.0
2573,79.0
2574,65.0
2575,88.0
2576,79.0
2577,79.0
2578,66.0
2579,79.0
2580,95.0
2581,334.0
2582,115.0
2583,231.0
2584,105.0
2585,67.0
2586,155.0
2587,50.0
2588,81.0
2589,44.0
2590,44.0
2591,59.0
2592,279.0
2593,113.0
2594,91.0
2595,57.0
2596,166.0
2597,47.0
2598,428.0
2599,443.0
2600,372.0
2601,432.0
2602,467.0
2603,457.0
2604,332.0
2605,332.0
2606,464.0
2607,459.0
2608,95.0
2609,61.0
2610,47.0
2611,96.0
2612,92.0
2613,229.0
2614,93.0
2615,267.0
2616,389.0
2617,343.0
2618,344.0
2619,160.0
2620,154.0
2621,421.0
2622,343.0
2623,268.0
2624,85.0
2625,105.0
2626,105.0
2627,63.0
2628,120.0
2629,119.0
2630,63.0
2631,64.0
2632,406.0
2633,415.0
2634,353.0
2635,402.0
2636,438.0
2637,430.0
2638,314.0
2639,307.0
2640,435.0
2641,433.0
2642,136.0
2643,98.0
2644,98.0
2645,164.0
2646,98.0
2647,162.0
2648,136.0
2649,98.0
2650,412.0
2651,407.0
2652,379.0
2653,401.0
2654,461.0
2655,453.0
2656,325.0
2657,319.0
2658,458.0
2659,458.0
2660,127.0
2661,135.0
2662,204.0
2663,134.0
2664,222.0
2665,174.0
2666,84.0
2667,199.0
2668,138.0
2669,409.0
2670,143.0
2671,142.0
2672,87.0
2673,280.0
2674,346.0
2675,278.0
2676,217.0
2677,407.0
2678,402.0
2679,249.0
2680,401.0
2681,360.0
2682,97.0
2683,348.0
2684,115.0
2685,238.0
2686,113.0
2687,155.0
2688,82.0
2689,106.0
2690,82.0
2691,112.0
2692,113.0
2693,154.0
2694,106.0
2695,106.0
2696,64.0
2697,82.0
2698,82.0
2699,124.0
2700,64.0
2701,64.0
2702,61.0
2703,292.0
2704,118.0
2705,58.0
2706,278.0
2707,112.0
2708,70.0
2709,88.0
2710,88.0
2711,132.0
2712,69.0
2713,69.0
2714,473.0
2715,457.0
2716,437.0
2717,456.0
2718,457.0
2719,450.0
2720,321.0
2721,318.0
2722,454.0
2723,452.0
2724,247.0
2725,91.0
2726,291.0
2727,422.0
2728,360.0
2729,392.0
2730,162.0
2731,161.0
2732,408.0
2733,360.0
2734,290.0
2735,84.0
2736,98.0
2737,65.0
2738,161.0
2739,48.0
2740,59.0
2741,282.0
2742,113.0
2743,139.0
2744,73.0
2745,95.0
2746,354.0
2747,363.0
2748,267.0
2749,354.0
2750,141.0
2751,362.0
2752,267.0
2753,141.0
2754,80.0
2755,145.0
2756,76.0
2757,98.0
2758,393.0
2759,414.0
2760,363.0
2761,408.0
2762,473.0
2763,424.0
2764,335.0
2765,331.0
2766,472.0
2767,422.0
2768,131.0
2769,405.0
2770,142.0
2771,150.0
2772,91.0
2773,275.0
2774,345.0
2775,274.0
2776,214.0
2777,400.0
2778,398.0
2779,271.0
2780,398.0
2781,400.0
2782,110.0
2783,119.0
2784,245.0
2785,347.0
2786,74.0
2787,92.0
2788,92.0
2789,140.0
2790,74.0
2791,73.0
2792,74.0
2793,114.0
2794,111.0
2795,113.0
2796,168.0
2797,113.0
2798,113.0
2799,111.0
2800,94.0
2801,199.0
2802,178.0
2803,173.0
2804,260.0
2805,70.0
2806,130.0
2807,131.0
2808,222.0
2809,175.0
2810,105.0
2811,198.0
2812,69.0
2813,98.0
2814,62.0
2815,158.0
2816,48.0
2817,116.0
2818,121.0
2819,184.0
2820,118.0
2821,196.0
2822,159.0
2823,77.0
2824,179.0
2825,262.0
2826,152.0
2827,101.0
2828,155.0
2829,181.0
2830,152.0
2831,114.0
2832,101.0
2833,116.0
2834,82.0
2835,83.0
2836,95.0
2837,61.0
2838,47.0
2839,90.0
2840,89.0
2841,138.0
2842,73.0
2843,94.0
2844,367.0
2845,377.0
2846,252.0
2847,367.0
2848,149.0
2849,338.0
2850,222.0
2851,154.0
2852,86.0
2853,64.0
2854,300.0
2855,121.0
2856,123.0
2857,381.0
2858,134.0
2859,151.0
2860,83.0
2861,260.0
2862,377.0
2863,260.0
2864,223.0
2865,375.0
2866,379.0
2867,256.0
2868,378.0
2869,375.0
2870,371.0
2871,391.0
2872,342.0
2873,386.0
2874,441.0
2875,403.0
2876,316.0
2877,309.0
2878,440.0
2879,402.0
2880,150.0
2881,155.0
2882,255.0
2883,149.0
2884,169.0
2885,130.0
2886,65.0
2887,83.0
2888,83.0
2889,127.0
2890,65.0
2891,65.0
2892,65.0
2893,131.0
2894,398.0
2895,153.0
2896,153.0
2897,75.0
2898,265.0
2899,397.0
2900,263.0
2901,260.0
2902,395.0
2903,389.0
2904,259.0
2905,389.0
2906,395.0
2907,234.0
2908,97.0
2909,271.0
2910,396.0
2911,348.0
2912,350.0
2913,163.0
2914,156.0
2915,424.0
2916,348.0
2917,273.0
2918,89.0
2919,61.0
2920,288.0
2921,117.0
2922,105.0
2923,121.0
2924,236.0
2925,351.0
2926,97.0
2927,305.0
2928,118.0
2929,221.0
2930,328.0
2931,340.0
2932,246.0
2933,328.0
2934,142.0
2935,339.0
2936,214.0
2937,142.0
2938,73.0
2939,125.0
2940,384.0
2941,138.0
2942,144.0
2943,81.0
2944,266.0
2945,380.0
2946,266.0
2947,233.0
2948,379.0
2949,383.0
2950,262.0
2951,383.0
2952,379.0
2953,97.0
2954,62.0
2955,143.0
2956,46.0
2957,103.0
2958,68.0
2959,167.0
2960,50.0
2961,114.0
2962,115.0
2963,61.0
2964,69.0
2965,132.0
2966,130.0
2967,188.0
2968,69.0
2969,114.0
2970,69.0
2971,112.0
2972,112.0
2973,69.0
2974,128.0
2975,127.0
2976,69.0
2977,69.0
2978,266.0
2979,159.0
2980,178.0
2981,140.0
2982,106.0
2983,108.0
2984,65.0
2985,123.0
2986,122.0
2987,65.0
2988,65.0
2989,112.0
2990,119.0
2991,244.0
2992,349.0
2993,101.0
2994,116.0
2995,236.0
2996,349.0
2997,279.0
2998,87.0
2999,292.0
3000,437.0
3001,437.0
3002,438.0
3003,154.0
3004,153.0
3005,424.0
3006,437.0
3007,292.0
3008,86.0
3009,107.0
3010,146.0
3011,76.0
3012,99.0
3013,77.0
3014,106.0
3015,106.0
3016,146.0
3017,100.0
3018,99.0
3019,191.0
3020,182.0
3021,249.0
3022,68.0
3023,129.0
3024,130.0
3025,217.0
3026,186.0
3027,104.0
3028,210.0
3029,68.0
3030,79.0
3031,80.0
3032,125.0
3033,81.0
3034,67.0
3035,89.0
3036,79.0
3037,79.0
3038,67.0
3039,79.0
3040,134.0
3041,96.0
3042,96.0
3043,161.0
3044,96.0
3045,160.0
3046,134.0
3047,97.0
3048,260.0
3049,152.0
3050,101.0
3051,154.0
3052,180.0
3053,152.0
3054,114.0
3055,101.0
3056,115.0
3057,82.0
3058,82.0
3059,166.0
3060,116.0
3061,124.0
3062,78.0
3063,118.0
3064,179.0
3065,165.0
3066,267.0
3067,269.0
3068,165.0
3069,165.0
3070,109.0
3071,73.0
3072,169.0
3073,51.0
3074,252.0
3075,141.0
3076,159.0
3077,141.0
3078,478.0
3079,459.0
3080,439.0
3081,459.0
3082,459.0
3083,453.0
3084,321.0
3085,319.0
3086,458.0
3087,455.0
3088,273.0
3089,153.0
3090,175.0
3091,153.0
3092,279.0
3093,98.0
3094,306.0
3095,446.0
3096,417.0
3097,445.0
3098,172.0
3099,171.0
3100,429.0
3101,417.0
3102,305.0
3103,90.0
3104,214.0
3105,204.0
3106,246.0
3107,52.0
3108,130.0
3109,120.0
3110,217.0
3111,211.0
3112,104.0
3113,210.0
3114,68.0
3115,74.0
3116,92.0
3117,92.0
3118,139.0
3119,73.0
3120,73.0
3121,222.0
3122,226.0
3123,245.0
3124,64.0
3125,142.0
3126,143.0
3127,243.0
3128,235.0
3129,114.0
3130,234.0
3131,76.0
3132,457.0
3133,443.0
3134,404.0
3135,443.0
3136,443.0
3137,433.0
3138,319.0
3139,314.0
3140,440.0
3141,440.0
3142,95.0
3143,339.0
3144,113.0
3145,234.0
3146,118.0
3147,154.0
3148,154.0
3149,154.0
3150,200.0
3151,155.0
3152,283.0
3153,91.0
3154,74.0
3155,150.0
3156,267.0
3157,77.0
3158,184.0
3159,361.0
3160,368.0
3161,268.0
3162,361.0
3163,148.0
3164,366.0
3165,267.0
3166,148.0
3167,82.0
3168,278.0
3169,92.0
3170,291.0
3171,436.0
3172,435.0
3173,436.0
3174,161.0
3175,161.0
3176,420.0
3177,435.0
3178,291.0
3179,91.0
3180,107.0
3181,105.0
3182,106.0
3183,158.0
3184,106.0
3185,107.0
3186,105.0
3187,88.0
3188,186.0
3189,108.0
3190,145.0
3191,144.0
3192,143.0
3193,169.0
3194,145.0
3195,241.0
3196,84.0
3197,68.0
3198,147.0
3199,221.0
3200,70.0
3201,162.0
3202,66.0
3203,85.0
3204,85.0
3205,129.0
3206,66.0
3207,66.0
3208,61.0
3209,286.0
3210,121.0
3211,111.0
3212,113.0
3213,69.0
3214,130.0
3215,129.0
3216,69.0
3217,69.0
3218,262.0
3219,156.0
3220,163.0
3221,139.0
3222,134.0
3223,414.0
3224,146.0
3225,163.0
3226,91.0
3227,283.0
3228,410.0
3229,283.0
3230,246.0
3231,408.0
3232,410.0
3233,278.0
3234,409.0
3235,408.0
3236,264.0
3237,100.0
3238,307.0
3239,445.0
3240,385.0
3241,416.0
3242,173.0
3243,171.0
3244,431.0
3245,385.0
3246,306.0
3247,91.0
3248,138.0
3249,72.0
3250,94.0
3251,311.0
3252,298.0
3253,298.0
3254,137.0
3255,220.0
3256,95.0
3257,186.0
3258,94.0
3259,301.0
3260,190.0
3261,307.0
3262,254.0
3263,150.0
3264,166.0
3265,131.0
3266,176.0
3267,171.0
3268,257.0
3269,68.0
3270,129.0
3271,130.0
3272,219.0
3273,172.0
3274,104.0
3275,195.0
3276,68.0
3277,71.0
3278,89.0
3279,89.0
3280,137.0
3281,71.0
3282,71.0
3283,71.0
3284,76.0
3285,76.0
3286,121.0
3287,76.0
3288,63.0
3289,85.0
3290,76.0
3291,76.0
3292,64.0
3293,76.0
3294,128.0
3295,382.0
3296,132.0
3297,132.0
3298,80.0
3299,260.0
3300,326.0
3301,259.0
3302,201.0
3303,379.0
3304,373.0
3305,233.0
3306,373.0
3307,340.0
3308,64.0
3309,300.0
3310,122.0
3311,168.0
3312,118.0
3313,125.0
3314,80.0
3315,120.0
3316,182.0
3317,166.0
3318,270.0
3319,272.0
3320,167.0
3321,166.0
3322,135.0
3323,419.0
3324,147.0
3325,160.0
3326,92.0
3327,289.0
3328,391.0
3329,286.0
3330,230.0
3331,415.0
3332,417.0
3333,284.0
3334,417.0
3335,415.0
3336,123.0
3337,382.0
3338,133.0
3339,141.0
3340,84.0
3341,257.0
3342,327.0
3343,257.0
3344,199.0
3345,377.0
3346,374.0
3347,253.0
3348,374.0
3349,377.0
3350,119.0
3351,124.0
3352,194.0
3353,123.0
3354,208.0
3355,164.0
3356,79.0
3357,184.0
3358,423.0
3359,435.0
3360,368.0
3361,424.0
3362,460.0
3363,451.0
3364,329.0
3365,327.0
3366,457.0
3367,455.0
3368,110.0
3369,126.0
3370,256.0
3371,386.0
3372,113.0
3373,114.0
3374,60.0
3375,69.0
3376,130.0
3377,128.0
3378,186.0
3379,69.0
3380,113.0
3381,69.0
3382,488.0
3383,470.0
3384,449.0
3385,470.0
3386,470.0
3387,463.0
3388,327.0
3389,325.0
3390,469.0
3391,463.0
3392,64.0
3393,300.0
3394,122.0
3395,105.0
3396,145.0
3397,69.0
3398,58.0
3399,230.0
3400,105.0
3401,59.0
3402,125.0
3403,125.0
3404,59.0
3405,280.0
3406,113.0
3407,110.0
3408,73.0
3409,175.0
3410,54.0
3411,109.0
3412,115.0
3413,237.0
3414,339.0
3415,383.0
3416,403.0
3417,353.0
3418,397.0
3419,455.0
3420,416.0
3421,323.0
3422,317.0
3423,453.0
3424,415.0
3425,186.0
3426,156.0
3427,163.0
3428,121.0
3429,112.0
3430,171.0
3431,275.0
3432,78.0
3433,114.0
3434,143.0
3435,71.0
3436,61.0
3437,209.0
3438,114.0
3439,61.0
3440,121.0
3441,123.0
3442,146.0
3443,154.0
3444,150.0
3445,79.0
3446,102.0
3447,339.0
3448,348.0
3449,257.0
3450,339.0
3451,135.0
3452,347.0
3453,256.0
3454,135.0
3455,76.0
3456,342.0
3457,356.0
3458,256.0
3459,342.0
3460,148.0
3461,354.0
3462,222.0
3463,148.0
3464,76.0
3465,111.0
3466,112.0
3467,58.0
3468,67.0
3469,129.0
3470,127.0
3471,183.0
3472,67.0
3473,111.0
3474,67.0
3475,114.0
3476,149.0
3477,149.0
3478,149.0
3479,193.0
3480,150.0
3481,273.0
3482,88.0
3483,71.0
3484,145.0
3485,257.0
3486,73.0
3487,177.0
3488,142.0
3489,420.0
3490,147.0
3491,146.0
3492,90.0
3493,286.0
3494,355.0
3495,283.0
3496,223.0
3497,418.0
3498,413.0
3499,257.0
3500,412.0
3501,369.0
3502,156.0
3503,162.0
3504,70.0
3505,87.0
3506,87.0
3507,134.0
3508,69.0
3509,69.0
3510,69.0
3511,124.0
3512,385.0
3513,135.0
3514,149.0
3515,85.0
3516,265.0
3517,356.0
3518,265.0
3519,211.0
3520,380.0
3521,383.0
3522,260.0
3523,383.0
3524,380.0
3525,111.0
3526,119.0
3527,246.0
3528,356.0
3529,106.0
3530,121.0
3531,245.0
3532,363.0
3533,338.0
3534,345.0
3535,253.0
3536,338.0
3537,140.0
3538,343.0
3539,253.0
3540,140.0
3541,77.0
3542,96.0
3543,62.0
3544,157.0
3545,48.0
3546,251.0
3547,149.0
3548,166.0
3549,130.0
3550,58.0
3551,276.0
3552,112.0
3553,110.0
3554,148.0
3555,72.0
3556,62.0
3557,232.0
3558,110.0
3559,62.0
3560,128.0
3561,129.0
3562,104.0
3563,142.0
3564,75.0
3565,97.0
3566,75.0
3567,104.0
3568,104.0
3569,142.0
3570,98.0
3571,97.0
3572,295.0
3573,292.0
3574,285.0
3575,131.0
3576,208.0
3577,93.0
3578,180.0
3579,92.0
3580,292.0
3581,183.0
3582,294.0
3583,103.0
3584,69.0
3585,152.0
3586,50.0
3587,127.0
3588,395.0
3589,141.0
3590,147.0
3591,82.0
3592,273.0
3593,391.0
3594,272.0
3595,239.0
3596,389.0
3597,393.0
3598,268.0
3599,393.0
3600,389.0
3601,325.0
3602,331.0
3603,244.0
3604,325.0
3605,134.0
3606,330.0
3607,243.0
3608,134.0
3609,73.0
3610,59.0
3611,277.0
3612,113.0
3613,99.0
3614,63.0
3615,49.0
3616,100.0
3617,98.0
3618,102.0
3619,117.0
3620,231.0
3621,342.0
3622,263.0
3623,158.0
3624,176.0
3625,139.0
3626,178.0
3627,147.0
3628,157.0
3629,117.0
3630,108.0
3631,165.0
3632,256.0
3633,75.0
3634,101.0
3635,65.0
3636,51.0
3637,97.0
3638,100.0
3639,325.0
3640,332.0
3641,244.0
3642,325.0
3643,134.0
3644,331.0
3645,244.0
3646,134.0
3647,73.0
3648,251.0
3649,95.0
3650,267.0
3651,425.0
3652,362.0
3653,367.0
3654,164.0
3655,158.0
3656,414.0
3657,362.0
3658,288.0
3659,86.0
3660,149.0
3661,155.0
3662,246.0
3663,145.0
3664,162.0
3665,145.0
3666,98.0
3667,65.0
3668,146.0
3669,47.0
3670,116.0
3671,122.0
3672,185.0
3673,118.0
3674,197.0
3675,159.0
3676,81.0
3677,179.0
3678,313.0
3679,287.0
3680,302.0
3681,134.0
3682,210.0
3683,89.0
3684,179.0
3685,92.0
3686,301.0
3687,185.0
3688,331.0
3689,253.0
3690,150.0
3691,168.0
3692,132.0
3693,260.0
3694,155.0
3695,173.0
3696,136.0
3697,68.0
3698,85.0
3699,86.0
3700,132.0
3701,68.0
3702,68.0
3703,67.0
3704,182.0
3705,153.0
3706,159.0
3707,120.0
3708,109.0
3709,170.0
3710,271.0
3711,75.0
3712,265.0
3713,157.0
3714,179.0
3715,138.0
3716,457.0
3717,443.0
3718,423.0
3719,441.0
3720,443.0
3721,437.0
3722,311.0
3723,305.0
3724,439.0
3725,435.0
3726,101.0
3727,116.0
3728,229.0
3729,338.0
3730,59.0
3731,278.0
3732,113.0
3733,106.0
3734,107.0
3735,55.0
3736,64.0
3737,121.0
3738,121.0
3739,175.0
3740,64.0
3741,105.0
3742,64.0
3743,100.0
3744,65.0
3745,51.0
3746,96.0
3747,95.0
3748,237.0
3749,92.0
3750,280.0
3751,424.0
3752,343.0
3753,378.0
3754,162.0
3755,160.0
3756,410.0
3757,343.0
3758,290.0
3759,84.0
3760,108.0
3761,124.0
3762,252.0
3763,377.0
3764,261.0
3765,153.0
3766,174.0
3767,134.0
3768,119.0
3769,125.0
3770,188.0
3771,121.0
3772,206.0
3773,163.0
3774,79.0
3775,181.0
3776,86.0
3777,48.0
3778,106.0
3779,142.0
3780,69.0
3781,59.0
3782,222.0
3783,106.0
3784,59.0
3785,123.0
3786,124.0
3787,105.0
3788,107.0
3789,55.0
3790,63.0
3791,123.0
3792,120.0
3793,175.0
3794,63.0
3795,105.0
3796,64.0
3797,107.0
3798,146.0
3799,140.0
3800,145.0
3801,167.0
3802,147.0
3803,233.0
3804,85.0
3805,69.0
3806,149.0
3807,221.0
3808,71.0
3809,160.0
3810,145.0
3811,104.0
3812,104.0
3813,175.0
3814,104.0
3815,173.0
3816,145.0
3817,105.0
3818,83.0
3819,83.0
3820,130.0
3821,83.0
3822,69.0
3823,92.0
3824,83.0
3825,83.0
3826,70.0
3827,83.0
3828,61.0
3829,290.0
3830,118.0
3831,104.0
3832,373.0
3833,122.0
3834,249.0
3835,273.0
3836,102.0
3837,290.0
3838,465.0
3839,384.0
3840,389.0
3841,177.0
3842,170.0
3843,453.0
3844,384.0
3845,314.0
3846,94.0
3847,102.0
3848,68.0
3849,151.0
3850,49.0
3851,125.0
3852,391.0
3853,136.0
3854,150.0
3855,85.0
3856,268.0
3857,361.0
3858,268.0
3859,212.0
3860,386.0
3861,390.0
3862,264.0
3863,389.0
3864,386.0
3865,176.0
3866,117.0
3867,129.0
3868,84.0
3869,124.0
3870,193.0
3871,168.0
3872,263.0
3873,271.0
3874,168.0
3875,172.0
3876,63.0
3877,300.0
3878,121.0
3879,308.0
3880,288.0
3881,304.0
3882,130.0
3883,202.0
3884,86.0
3885,173.0
3886,87.0
3887,308.0
3888,180.0
3889,332.0
3890,139.0
3891,99.0
3892,99.0
3893,166.0
3894,99.0
3895,164.0
3896,139.0
3897,100.0
3898,88.0
3899,48.0
3900,48.0
3901,110.0
3902,148.0
3903,147.0
3904,146.0
3905,181.0
3906,148.0
3907,261.0
3908,86.0
3909,70.0
3910,143.0
3911,247.0
3912,71.0
3913,167.0
3914,89.0
3915,49.0
3916,49.0
3917,274.0
3918,87.0
3919,287.0
3920,429.0
3921,429.0
3922,429.0
3923,152.0
3924,151.0
3925,415.0
3926,429.0
3927,287.0
3928,86.0
3929,194.0
3930,202.0
3931,245.0
3932,66.0
3933,132.0
3934,135.0
3935,226.0
3936,208.0
3937,106.0
3938,219.0
3939,69.0
3940,133.0
3941,403.0
3942,154.0
3943,154.0
3944,76.0
3945,268.0
3946,402.0
3947,267.0
3948,263.0
3949,401.0
3950,394.0
3951,263.0
3952,395.0
3953,401.0
3954,105.0
3955,143.0
3956,75.0
3957,97.0
3958,75.0
3959,104.0
3960,104.0
3961,142.0
3962,98.0
3963,97.0
3964,477.0
3965,462.0
3966,419.0
3967,463.0
3968,462.0
3969,451.0
3970,332.0
3971,331.0
3972,459.0
3973,458.0
3974,64.0
3975,290.0
3976,122.0
3977,291.0
3978,98.0
3979,304.0
3980,460.0
3981,460.0
3982,461.0
3983,169.0
3984,169.0
3985,445.0
3986,460.0
3987,304.0
3988,96.0
3989,137.0
3990,97.0
3991,97.0
3992,163.0
3993,97.0
3994,162.0
3995,137.0
3996,98.0
3997,132.0
3998,410.0
3999,147.0
4000,153.0
4001,86.0
4002,282.0
4003,406.0
4004,282.0
4005,248.0
4006,404.0
4007,407.0
4008,278.0
4009,407.0
4010,404.0
4011,405.0
4012,414.0
4013,352.0
4014,402.0
4015,438.0
4016,430.0
4017,313.0
4018,307.0
4019,435.0
4020,432.0
4021,83.0
4022,45.0
4023,45.0
4024,326.0
4025,338.0
4026,256.0
4027,326.0
4028,144.0
4029,337.0
4030,219.0
4031,143.0
4032,73.0
4033,272.0
4034,90.0
4035,285.0
4036,427.0
4037,427.0
4038,428.0
4039,158.0
4040,157.0
4041,412.0
4042,427.0
4043,285.0
4044,89.0
4045,92.0
4046,307.0
4047,112.0
4048,221.0
4049,109.0
4050,115.0
4051,239.0
4052,317.0
4053,108.0
4054,107.0
4055,107.0
4056,160.0
4057,106.0
4058,107.0
4059,107.0
4060,90.0
4061,189.0
4062,165.0
4063,111.0
4064,122.0
4065,79.0
4066,117.0
4067,181.0
4068,157.0
4069,247.0
4070,254.0
4071,156.0
4072,161.0
4073,180.0
4074,150.0
4075,157.0
4076,117.0
4077,108.0
4078,165.0
4079,266.0
4080,74.0
4081,329.0
4082,339.0
4083,230.0
4084,329.0
4085,136.0
4086,309.0
4087,202.0
4088,140.0
4089,77.0
4090,190.0
4091,153.0
4092,161.0
4093,120.0
4094,110.0
4095,171.0
4096,291.0
4097,76.0
4098,103.0
4099,66.0
4100,52.0
4101,105.0
4102,100.0
4103,302.0
4104,96.0
4105,315.0
4106,470.0
4107,470.0
4108,470.0
4109,167.0
4110,166.0
4111,456.0
4112,470.0
4113,315.0
4114,95.0
4115,77.0
4116,77.0
4117,122.0
4118,78.0
4119,64.0
4120,86.0
4121,77.0
4122,77.0
4123,64.0
4124,77.0
4125,223.0
4126,213.0
4127,259.0
4128,60.0
4129,144.0
4130,134.0
4131,229.0
4132,220.0
4133,115.0
4134,219.0
4135,76.0
4136,336.0
4137,349.0
4138,270.0
4139,336.0
4140,150.0
4141,348.0
4142,250.0
4143,150.0
4144,77.0
4145,64.0
4146,82.0
4147,82.0
4148,125.0
4149,64.0
4150,64.0
4151,337.0
4152,318.0
4153,324.0
4154,138.0
4155,222.0
4156,92.0
4157,184.0
4158,88.0
4159,340.0
4160,191.0
4161,354.0
4162,105.0
4163,144.0
4164,136.0
4165,139.0
4166,161.0
4167,141.0
4168,227.0
4169,84.0
4170,68.0
4171,147.0
4172,217.0
4173,70.0
4174,158.0
4175,73.0
4176,91.0
4177,91.0
4178,139.0
4179,73.0
4180,73.0
4181,73.0
4182,94.0
4183,347.0
4184,112.0
4185,233.0
4186,61.0
4187,285.0
4188,118.0
4189,111.0
4190,149.0
4191,147.0
4192,147.0
4193,173.0
4194,149.0
4195,254.0
4196,86.0
4197,71.0
4198,149.0
4199,231.0
4200,72.0
4201,169.0
4202,392.0
4203,412.0
4204,362.0
4205,407.0
4206,468.0
4207,422.0
4208,330.0
4209,329.0
4210,466.0
4211,420.0
4212,182.0
4213,147.0
4214,153.0
4215,114.0
4216,105.0
4217,163.0
4218,277.0
4219,72.0
4220,103.0
4221,67.0
4222,166.0
4223,52.0
4224,252.0
4225,149.0
4226,169.0
4227,149.0
4228,106.0
4229,70.0
4230,158.0
4231,51.0
4232,148.0
4233,161.0
4234,92.0
4235,292.0
4236,113.0
4237,215.0
4238,297.0
4239,284.0
4240,281.0
4241,131.0
4242,209.0
4243,90.0
4244,178.0
4245,90.0
4246,287.0
4247,183.0
4248,292.0
4249,125.0
4250,382.0
4251,146.0
4252,146.0
4253,70.0
4254,253.0
4255,381.0
4256,252.0
4257,248.0
4258,379.0
4259,373.0
4260,248.0
4261,374.0
4262,379.0
4263,212.0
4264,216.0
4265,262.0
4266,74.0
4267,143.0
4268,145.0
4269,243.0
4270,225.0
4271,116.0
4272,236.0
4273,76.0
4274,258.0
4275,153.0
4276,173.0
4277,153.0
4278,210.0
4279,202.0
4280,235.0
4281,50.0
4282,134.0
4283,126.0
4284,217.0
4285,209.0
4286,107.0
4287,208.0
4288,71.0
4289,274.0
4290,163.0
4291,183.0
4292,144.0
4293,309.0
4294,289.0
4295,298.0
4296,133.0
4297,214.0
4298,91.0
4299,182.0
4300,91.0
4301,294.0
4302,188.0
4303,309.0
4304,353.0
4305,363.0
4306,245.0
4307,353.0
4308,146.0
4309,329.0
4310,218.0
4311,150.0
4312,86.0
4313,260.0
4314,154.0
4315,173.0
4316,136.0
4317,99.0
4318,65.0
4319,162.0
4320,46.0
4321,58.0
4322,276.0
4323,113.0
4324,74.0
4325,74.0
4326,116.0
4327,74.0
4328,82.0
4329,74.0
4330,74.0
4331,74.0
4332,62.0
4333,291.0
4334,119.0
4335,108.0
4336,141.0
4337,141.0
4338,141.0
4339,182.0
4340,142.0
4341,258.0
4342,83.0
4343,67.0
4344,137.0
4345,244.0
4346,69.0
4347,167.0
4348,175.0
4349,124.0
4350,135.0
4351,82.0
4352,124.0
4353,190.0
4354,174.0
4355,290.0
4356,294.0
4357,175.0
4358,175.0
4359,110.0
4360,152.0
4361,72.0
4362,61.0
4363,241.0
4364,110.0
4365,61.0
4366,131.0
4367,131.0
4368,78.0
4369,78.0
4370,123.0
4371,79.0
4372,87.0
4373,78.0
4374,78.0
4375,78.0
4376,110.0
4377,117.0
4378,243.0
4379,321.0
4380,341.0
4381,355.0
4382,268.0
4383,341.0
4384,151.0
4385,354.0
4386,231.0
4387,150.0
4388,78.0
4389,137.0
4390,98.0
4391,98.0
4392,164.0
4393,98.0
4394,162.0
4395,137.0
4396,99.0
4397,102.0
4398,140.0
4399,73.0
4400,95.0
4401,73.0
4402,101.0
4403,102.0
4404,140.0
4405,96.0
4406,95.0
4407,74.0
4408,75.0
4409,119.0
4410,76.0
4411,62.0
4412,83.0
4413,74.0
4414,74.0
4415,63.0
4416,74.0
4417,59.0
4418,272.0
4419,113.0
4420,354.0
4421,368.0
4422,277.0
4423,354.0
4424,155.0
4425,367.0
4426,241.0
4427,154.0
4428,80.0
4429,114.0
4430,112.0
4431,115.0
4432,168.0
4433,113.0
4434,113.0
4435,112.0
4436,95.0
4437,196.0
4438,196.0
4439,158.0
4440,167.0
4441,123.0
4442,114.0
4443,178.0
4444,302.0
4445,79.0
4446,150.0
4447,165.0
4448,206.0
4449,209.0
4450,231.0
4451,59.0
4452,129.0
4453,132.0
4454,223.0
4455,216.0
4456,104.0
4457,215.0
4458,68.0
4459,108.0
4460,115.0
4461,239.0
4462,346.0
4463,112.0
4464,110.0
4465,111.0
4466,165.0
4467,110.0
4468,111.0
4469,110.0
4470,93.0
4471,195.0
4472,112.0
4473,110.0
4474,112.0
4475,166.0
4476,110.0
4477,111.0
4478,110.0
4479,93.0
4480,195.0
4481,164.0
4482,138.0
4483,145.0
4484,109.0
4485,102.0
4486,155.0
4487,236.0
4488,70.0
4489,224.0
4490,93.0
4491,262.0
4492,383.0
4493,336.0
4494,338.0
4495,157.0
4496,151.0
4497,411.0
4498,336.0
4499,264.0
4500,84.0
4501,111.0
4502,151.0
4503,143.0
4504,146.0
4505,169.0
4506,148.0
4507,238.0
4508,89.0
4509,73.0
4510,155.0
4511,228.0
4512,75.0
4513,166.0
4514,125.0
4515,385.0
4516,136.0
4517,152.0
4518,85.0
4519,264.0
4520,381.0
4521,264.0
4522,227.0
4523,379.0
4524,383.0
4525,260.0
4526,382.0
4527,379.0
4528,95.0
4529,60.0
4530,164.0
4531,46.0
4532,95.0
4533,320.0
4534,116.0
4535,228.0
4536,286.0
4537,91.0
4538,298.0
4539,444.0
4540,444.0
4541,444.0
4542,158.0
4543,157.0
4544,431.0
4545,444.0
4546,298.0
4547,90.0
4548,136.0
4549,71.0
4550,93.0
4551,146.0
4552,77.0
4553,100.0
4554,100.0
4555,64.0
4556,49.0
4557,102.0
4558,97.0
4559,63.0
4560,295.0
4561,122.0
4562,110.0
4563,111.0
4564,67.0
4565,126.0
4566,126.0
4567,67.0
4568,68.0
4569,102.0
4570,116.0
4571,237.0
4572,350.0
4573,257.0
4574,151.0
4575,99.0
4576,153.0
4577,176.0
4578,150.0
4579,112.0
4580,99.0
4581,113.0
4582,81.0
4583,81.0
4584,105.0
4585,104.0
4586,105.0
4587,156.0
4588,105.0
4589,105.0
4590,105.0
4591,87.0
4592,184.0
4593,143.0
4594,154.0
4595,168.0
4596,140.0
4597,150.0
4598,111.0
4599,102.0
4600,156.0
4601,242.0
4602,71.0
4603,115.0
4604,123.0
4605,252.0
4606,334.0
4607,148.0
4608,154.0
4609,197.0
4610,215.0
4611,268.0
4612,69.0
4613,140.0
4614,140.0
4615,239.0
4616,222.0
4617,113.0
4618,231.0
4619,74.0
4620,408.0
4621,418.0
4622,355.0
4623,405.0
4624,442.0
4625,434.0
4626,318.0
4627,312.0
4628,439.0
4629,437.0
4630,108.0
4631,70.0
4632,176.0
4633,52.0
4634,327.0
4635,339.0
4636,261.0
4637,327.0
4638,146.0
4639,337.0
4640,241.0
4641,146.0
4642,73.0
4643,265.0
4644,102.0
4645,309.0
4646,465.0
4647,372.0
4648,415.0
4649,177.0
4650,175.0
4651,451.0
4652,372.0
4653,318.0
4654,94.0
4655,344.0
4656,351.0
4657,258.0
4658,344.0
4659,143.0
4660,349.0
4661,257.0
4662,143.0
4663,79.0
4664,270.0
4665,160.0
4666,169.0
4667,143.0
4668,64.0
4669,299.0
4670,122.0
4671,108.0
4672,114.0
4673,235.0
4674,336.0
4675,127.0
4676,384.0
4677,148.0
4678,148.0
4679,73.0
4680,255.0
4681,383.0
4682,255.0
4683,251.0
4684,382.0
4685,376.0
4686,251.0
4687,377.0
4688,382.0
4689,59.0
4690,279.0
4691,113.0
4692,105.0
4693,121.0
4694,237.0
4695,354.0
4696,91.0
4697,295.0
4698,112.0
4699,213.0
4700,117.0
4701,126.0
4702,258.0
4703,345.0
4704,104.0
4705,71.0
4706,162.0
4707,49.0
4708,258.0
4709,145.0
4710,164.0
4711,145.0
4712,124.0
4713,133.0
4714,199.0
4715,131.0
4716,218.0
4717,170.0
4718,82.0
4719,194.0
4720,110.0
4721,111.0
4722,58.0
4723,67.0
4724,126.0
4725,125.0
4726,182.0
4727,67.0
4728,110.0
4729,67.0
4730,116.0
4731,114.0
4732,115.0
4733,171.0
4734,114.0
4735,115.0
4736,114.0
4737,96.0
4738,203.0
4739,247.0
4740,93.0
4741,263.0
4742,421.0
4743,357.0
4744,362.0
4745,162.0
4746,156.0
4747,410.0
4748,357.0
4749,285.0
4750,84.0
4751,109.0
4752,111.0
4753,58.0
4754,66.0
4755,127.0
4756,127.0
4757,183.0
4758,66.0
4759,109.0
4760,66.0
4761,126.0
4762,130.0
4763,200.0
4764,120.0
4765,205.0
4766,169.0
4767,87.0
4768,193.0
4769,103.0
4770,104.0
4771,63.0
4772,119.0
4773,118.0
4774,63.0
4775,63.0
4776,116.0
4777,139.0
4778,73.0
4779,62.0
4780,203.0
4781,116.0
4782,62.0
4783,123.0
4784,125.0
4785,113.0
4786,155.0
4787,74.0
4788,64.0
4789,245.0
4790,113.0
4791,64.0
4792,134.0
4793,134.0
4794,219.0
4795,219.0
4796,240.0
4797,63.0
4798,136.0
4799,139.0
4800,234.0
4801,227.0
4802,110.0
4803,227.0
4804,72.0
4805,115.0
4806,113.0
4807,114.0
4808,170.0
4809,113.0
4810,114.0
4811,113.0
4812,96.0
4813,201.0
4814,85.0
4815,47.0
4816,47.0
4817,58.0
4818,276.0
4819,112.0
4820,346.0
4821,358.0
4822,243.0
4823,346.0
4824,149.0
4825,357.0
4826,232.0
4827,148.0
4828,83.0
4829,329.0
4830,339.0
4831,230.0
4832,329.0
4833,136.0
4834,309.0
4835,202.0
4836,140.0
4837,78.0
4838,123.0
4839,129.0
4840,197.0
4841,125.0
4842,209.0
4843,170.0
4844,88.0
4845,190.0
4846,116.0
4847,125.0
4848,255.0
4849,369.0
4850,85.0
4851,85.0
4852,133.0
4853,85.0
4854,71.0
4855,94.0
4856,85.0
4857,85.0
4858,72.0
4859,85.0
4860,456.0
4861,467.0
4862,407.0
4863,466.0
4864,467.0
4865,456.0
4866,334.0
4867,331.0
4868,464.0
4869,459.0
4870,156.0
4871,104.0
4872,158.0
4873,184.0
4874,155.0
4875,116.0
4876,103.0
4877,118.0
4878,84.0
4879,140.0
4880,73.0
4881,95.0
4882,109.0
4883,116.0
4884,237.0
4885,339.0
4886,101.0
4887,64.0
4888,172.0
4889,49.0
4890,100.0
4891,61.0
4892,177.0
4893,50.0
4894,313.0
4895,292.0
4896,301.0
4897,136.0
4898,217.0
4899,93.0
4900,184.0
4901,93.0
4902,307.0
4903,190.0
4904,325.0
4905,79.0
4906,43.0
4907,109.0
4908,152.0
4909,73.0
4910,64.0
4911,246.0
4912,111.0
4913,62.0
4914,131.0
4915,131.0
4916,111.0
4917,109.0
4918,111.0
4919,163.0
4920,110.0
4921,111.0
4922,110.0
4923,91.0
4924,192.0
4925,106.0
4926,104.0
4927,107.0
4928,158.0
4929,105.0
4930,106.0
4931,104.0
4932,87.0
4933,185.0
4934,165.0
4935,111.0
4936,123.0
4937,78.0
4938,116.0
4939,180.0
4940,164.0
4941,253.0
4942,257.0
4943,164.0
4944,164.0
4945,166.0
4946,116.0
4947,124.0
4948,78.0
4949,118.0
4950,179.0
4951,163.0
4952,262.0
4953,262.0
4954,165.0
4955,165.0
4956,231.0
4957,95.0
4958,269.0
4959,392.0
4960,345.0
4961,347.0
4962,161.0
4963,154.0
4964,420.0
4965,345.0
4966,271.0
4967,87.0
4968,149.0
4969,105.0
4970,105.0
4971,178.0
4972,106.0
4973,176.0
4974,149.0
4975,106.0
4976,144.0
4977,103.0
4978,103.0
4979,173.0
4980,103.0
4981,171.0
4982,144.0
4983,102.0
4984,146.0
4985,104.0
4986,104.0
4987,175.0
4988,105.0
4989,172.0
4990,146.0
4991,104.0
4992,113.0
4993,120.0
4994,248.0
4995,359.0
4996,282.0
4997,99.0
4998,313.0
4999,452.0
5000,421.0
5001,451.0
5002,176.0
5003,174.0
5004,436.0
5005,421.0
5006,312.0
5007,92.0
5008,125.0
5009,380.0
5010,146.0
5011,146.0
5012,71.0
5013,252.0
5014,379.0
5015,252.0
5016,248.0
5017,379.0
5018,373.0
5019,248.0
5020,373.0
5021,379.0
5022,132.0
5023,399.0
5024,146.0
5025,147.0
5026,82.0
5027,279.0
5028,395.0
5029,279.0
5030,241.0
5031,393.0
5032,402.0
5033,275.0
5034,401.0
5035,393.0
5036,64.0
5037,298.0
5038,121.0
5039,123.0
5040,128.0
5041,200.0
5042,127.0
5043,214.0
5044,169.0
5045,82.0
5046,190.0
5047,66.0
5048,83.0
5049,83.0
5050,129.0
5051,66.0
5052,66.0
5053,66.0
5054,260.0
5055,145.0
5056,165.0
5057,145.0
5058,113.0
5059,152.0
5060,152.0
5061,151.0
5062,187.0
5063,153.0
5064,268.0
5065,88.0
5066,72.0
5067,147.0
5068,253.0
5069,73.0
5070,173.0
5071,66.0
5072,84.0
5073,84.0
5074,129.0
5075,66.0
5076,66.0
5077,66.0
5078,201.0
5079,207.0
5080,251.0
5081,70.0
5082,137.0
5083,139.0
5084,233.0
5085,215.0
5086,110.0
5087,226.0
5088,72.0
5089,328.0
5090,308.0
5091,325.0
5092,138.0
5093,216.0
5094,93.0
5095,183.0
5096,94.0
5097,328.0
5098,191.0
5099,353.0
5100,202.0
5101,193.0
5102,264.0
5103,74.0
5104,140.0
5105,140.0
5106,234.0
5107,200.0
5108,113.0
5109,227.0
5110,74.0
5111,67.0
5112,84.0
5113,84.0
5114,130.0
5115,67.0
5116,67.0
5117,67.0
5118,155.0
5119,169.0
5120,97.0
5121,64.0
5122,144.0
5123,46.0
5124,98.0
5125,66.0
5126,153.0
5127,46.0
5128,173.0
5129,117.0
5130,127.0
5131,83.0
5132,123.0
5133,190.0
5134,168.0
5135,261.0
5136,267.0
5137,169.0
5138,172.0
5139,61.0
5140,293.0
5141,118.0
5142,99.0
5143,66.0
5144,162.0
5145,46.0
5146,80.0
5147,80.0
5148,127.0
5149,81.0
5150,67.0
5151,90.0
5152,81.0
5153,80.0
5154,68.0
5155,80.0
5156,166.0
5157,116.0
5158,124.0
5159,78.0
5160,118.0
5161,179.0
5162,163.0
5163,262.0
5164,262.0
5165,165.0
5166,165.0
5167,116.0
5168,119.0
5169,183.0
5170,110.0
5171,188.0
5172,155.0
5173,80.0
5174,178.0
5175,75.0
5176,92.0
5177,93.0
5178,141.0
5179,75.0
5180,75.0
5181,75.0
5182,68.0
5183,86.0
5184,86.0
5185,131.0
5186,67.0
5187,67.0
5188,123.0
5189,382.0
5190,133.0
5191,141.0
5192,84.0
5193,257.0
5194,327.0
5195,257.0
5196,199.0
5197,377.0
5198,374.0
5199,253.0
5200,374.0
5201,377.0
5202,422.0
5203,432.0
5204,367.0
5205,420.0
5206,456.0
5207,447.0
5208,326.0
5209,321.0
5210,453.0
5211,452.0
5212,81.0
5213,81.0
5214,128.0
5215,82.0
5216,90.0
5217,81.0
5218,81.0
5219,81.0
5220,255.0
5221,151.0
5222,157.0
5223,134.0
5224,473.0
5225,454.0
5226,435.0
5227,455.0
5228,454.0
5229,449.0
5230,318.0
5231,316.0
5232,454.0
5233,451.0
5234,482.0
5235,467.0
5236,447.0
5237,465.0
5238,467.0
5239,460.0
5240,327.0
5241,325.0
5242,464.0
5243,461.0
5244,106.0
5245,107.0
5246,55.0
5247,64.0
5248,123.0
5249,121.0
5250,177.0
5251,64.0
5252,106.0
5253,64.0
5254,188.0
5255,154.0
5256,160.0
5257,119.0
5258,110.0
5259,172.0
5260,299.0
5261,75.0
5262,117.0
5263,122.0
5264,183.0
5265,118.0
5266,201.0
5267,159.0
5268,77.0
5269,176.0
5270,111.0
5271,112.0
5272,59.0
5273,68.0
5274,128.0
5275,126.0
5276,184.0
5277,68.0
5278,111.0
5279,68.0
5280,110.0
5281,119.0
5282,246.0
5283,357.0
5284,224.0
5285,93.0
5286,263.0
5287,383.0
5288,337.0
5289,338.0
5290,158.0
5291,151.0
5292,411.0
5293,337.0
5294,264.0
5295,84.0
5296,58.0
5297,281.0
5298,114.0
5299,164.0
5300,111.0
5301,120.0
5302,78.0
5303,116.0
5304,180.0
5305,159.0
5306,247.0
5307,252.0
5308,159.0
5309,163.0
5310,156.0
5311,162.0
5312,87.0
5313,48.0
5314,48.0
5315,100.0
5316,63.0
5317,146.0
5318,46.0
5319,204.0
5320,211.0
5321,231.0
5322,56.0
5323,131.0
5324,133.0
5325,226.0
5326,219.0
5327,106.0
5328,218.0
5329,70.0
5330,115.0
5331,114.0
5332,114.0
5333,170.0
5334,114.0
5335,114.0
5336,114.0
5337,97.0
5338,203.0
5339,110.0
5340,131.0
5341,68.0
5342,58.0
5343,190.0
5344,110.0
5345,58.0
5346,116.0
5347,117.0
5348,255.0
5349,151.0
5350,157.0
5351,134.0
5352,270.0
5353,160.0
5354,180.0
5355,141.0
5356,104.0
5357,70.0
5358,161.0
5359,49.0
5360,114.0
5361,112.0
5362,114.0
5363,169.0
5364,113.0
5365,114.0
5366,113.0
5367,95.0
5368,200.0
5369,264.0
5370,156.0
5371,103.0
5372,158.0
5373,184.0
5374,155.0
5375,116.0
5376,103.0
5377,118.0
5378,84.0
5379,84.0
5380,84.0
5381,47.0
5382,248.0
5383,98.0
5384,293.0
5385,441.0
5386,356.0
5387,394.0
5388,170.0
5389,168.0
5390,428.0
5391,356.0
5392,303.0
5393,89.0
5394,113.0
5395,114.0
5396,60.0
5397,69.0
5398,131.0
5399,130.0
5400,188.0
5401,69.0
5402,113.0
5403,69.0
5404,190.0
5405,158.0
5406,165.0
5407,124.0
5408,114.0
5409,178.0
5410,283.0
5411,79.0
5412,112.0
5413,110.0
5414,112.0
5415,166.0
5416,111.0
5417,112.0
5418,110.0
5419,93.0
5420,195.0
5421,66.0
5422,83.0
5423,83.0
5424,128.0
5425,66.0
5426,66.0
5427,66.0
5428,422.0
5429,434.0
5430,375.0
5431,432.0
5432,434.0
5433,425.0
5434,313.0
5435,307.0
5436,431.0
5437,428.0
5438,106.0
5439,142.0
5440,141.0
5441,140.0
5442,174.0
5443,143.0
5444,251.0
5445,82.0
5446,67.0
5447,138.0
5448,238.0
5449,68.0
5450,161.0
5451,355.0
5452,368.0
5453,277.0
5454,355.0
5455,154.0
5456,367.0
5457,241.0
5458,153.0
5459,80.0
5460,81.0
5461,44.0
5462,44.0
5463,120.0
5464,124.0
5465,189.0
5466,114.0
5467,196.0
5468,160.0
5469,83.0
5470,183.0
5471,206.0
5472,209.0
5473,231.0
5474,59.0
5475,129.0
5476,132.0
5477,223.0
5478,216.0
5479,104.0
5480,215.0
5481,68.0
5482,99.0
5483,66.0
5484,162.0
5485,48.0
5486,78.0
5487,78.0
5488,124.0
5489,79.0
5490,65.0
5491,87.0
5492,78.0
5493,78.0
5494,66.0
5495,78.0
5496,253.0
5497,150.0
5498,99.0
5499,152.0
5500,175.0
5501,149.0
5502,111.0
5503,98.0
5504,112.0
5505,80.0
5506,80.0
5507,130.0
5508,401.0
5509,142.0
5510,159.0
5511,88.0
5512,276.0
5513,397.0
5514,275.0
5515,237.0
5516,395.0
5517,398.0
5518,271.0
5519,397.0
5520,395.0
5521,123.0
5522,376.0
5523,137.0
5524,138.0
5525,75.0
5526,262.0
5527,372.0
5528,262.0
5529,224.0
5530,370.0
5531,380.0
5532,258.0
5533,379.0
5534,370.0
5535,141.0
5536,97.0
5537,73.0
5538,102.0
5539,103.0
5540,140.0
5541,97.0
5542,97.0
5543,85.0
5544,84.0
5545,132.0
5546,85.0
5547,71.0
5548,94.0
5549,85.0
5550,84.0
5551,71.0
5552,85.0
5553,142.0
5554,102.0
5555,102.0
5556,170.0
5557,102.0
5558,168.0
5559,142.0
5560,101.0
5561,149.0
5562,106.0
5563,106.0
5564,177.0
5565,106.0
5566,176.0
5567,149.0
5568,106.0
5569,86.0
5570,48.0
5571,48.0
5572,127.0
5573,391.0
5574,139.0
5575,155.0
5576,86.0
5577,268.0
5578,387.0
5579,269.0
5580,232.0
5581,384.0
5582,388.0
5583,265.0
5584,387.0
5585,384.0
5586,107.0
5587,147.0
5588,77.0
5589,100.0
5590,77.0
5591,107.0
5592,107.0
5593,147.0
5594,100.0
5595,100.0
5596,105.0
5597,141.0
5598,141.0
5599,139.0
5600,167.0
5601,141.0
5602,250.0
5603,82.0
5604,67.0
5605,139.0
5606,226.0
5607,68.0
5608,161.0
5609,154.0
5610,163.0
5611,129.0
5612,398.0
5613,139.0
5614,147.0
5615,89.0
5616,269.0
5617,338.0
5618,268.0
5619,209.0
5620,392.0
5621,390.0
5622,265.0
5623,390.0
5624,392.0
5625,134.0
5626,95.0
5627,95.0
5628,158.0
5629,95.0
5630,158.0
5631,133.0
5632,96.0
5633,110.0
5634,141.0
5635,68.0
5636,58.0
5637,210.0
5638,110.0
5639,59.0
5640,118.0
5641,123.0
5642,77.0
5643,42.0
5644,103.0
5645,65.0
5646,52.0
5647,104.0
5648,102.0
5649,263.0
5650,155.0
5651,103.0
5652,158.0
5653,183.0
5654,155.0
5655,116.0
5656,103.0
5657,117.0
5658,84.0
5659,84.0
5660,63.0
5661,286.0
5662,121.0
5663,272.0
5664,153.0
5665,175.0
5666,153.0
5667,126.0
5668,391.0
5669,136.0
5670,144.0
5671,85.0
5672,263.0
5673,331.0
5674,263.0
5675,204.0
5676,386.0
5677,384.0
5678,260.0
5679,384.0
5680,386.0
5681,188.0
5682,197.0
5683,240.0
5684,65.0
5685,129.0
5686,131.0
5687,221.0
5688,203.0
5689,104.0
5690,214.0
5691,68.0
5692,148.0
5693,101.0
5694,78.0
5695,107.0
5696,108.0
5697,146.0
5698,102.0
5699,101.0
5700,254.0
5701,150.0
5702,157.0
5703,134.0
5704,410.0
5705,407.0
5706,379.0
5707,399.0
5708,465.0
5709,457.0
5710,326.0
5711,325.0
5712,462.0
5713,461.0
5714,113.0
5715,151.0
5716,71.0
5717,62.0
5718,232.0
5719,114.0
5720,61.0
5721,129.0
5722,131.0
5723,337.0
5724,349.0
5725,239.0
5726,337.0
5727,145.0
5728,347.0
5729,231.0
5730,144.0
5731,82.0
5732,115.0
5733,151.0
5734,73.0
5735,64.0
5736,234.0
5737,115.0
5738,63.0
5739,131.0
5740,133.0
5741,260.0
5742,98.0
5743,304.0
5744,443.0
5745,383.0
5746,414.0
5747,172.0
5748,170.0
5749,428.0
5750,383.0
5751,303.0
5752,89.0
5753,106.0
5754,71.0
5755,172.0
5756,50.0
5757,102.0
5758,140.0
5759,134.0
5760,138.0
5761,159.0
5762,140.0
5763,221.0
5764,81.0
5765,66.0
5766,142.0
5767,210.0
5768,67.0
5769,153.0
5770,60.0
5771,275.0
5772,117.0
5773,227.0
5774,214.0
5775,257.0
5776,56.0
5777,137.0
5778,127.0
5779,229.0
5780,223.0
5781,110.0
5782,222.0
5783,72.0
5784,135.0
5785,69.0
5786,91.0
5787,325.0
5788,337.0
5789,258.0
5790,325.0
5791,144.0
5792,336.0
5793,243.0
5794,143.0
5795,73.0
5796,134.0
5797,415.0
5798,145.0
5799,159.0
5800,92.0
5801,284.0
5802,387.0
5803,284.0
5804,227.0
5805,410.0
5806,411.0
5807,279.0
5808,411.0
5809,410.0
5810,65.0
5811,297.0
5812,126.0
5813,89.0
5814,49.0
5815,49.0
5816,87.0
5817,48.0
5818,105.0
5819,120.0
5820,245.0
5821,363.0
5822,113.0
5823,114.0
5824,59.0
5825,69.0
5826,129.0
5827,129.0
5828,185.0
5829,69.0
5830,112.0
5831,69.0
5832,341.0
5833,354.0
5834,269.0
5835,341.0
5836,150.0
5837,352.0
5838,253.0
5839,150.0
5840,76.0
5841,88.0
5842,49.0
5843,49.0
5844,127.0
5845,392.0
5846,138.0
5847,151.0
5848,87.0
5849,269.0
5850,365.0
5851,269.0
5852,218.0
5853,387.0
5854,390.0
5855,265.0
5856,389.0
5857,387.0
5858,464.0
5859,450.0
5860,430.0
5861,448.0
5862,450.0
5863,443.0
5864,315.0
5865,309.0
5866,447.0
5867,445.0
5868,142.0
5869,98.0
5870,75.0
5871,104.0
5872,104.0
5873,142.0
5874,99.0
5875,98.0
5876,142.0
5877,74.0
5878,96.0
5879,182.0
5880,177.0
5881,265.0
5882,71.0
5883,133.0
5884,134.0
5885,226.0
5886,179.0
5887,107.0
5888,203.0
5889,71.0
5890,142.0
5891,101.0
5892,101.0
5893,168.0
5894,101.0
5895,167.0
5896,142.0
5897,101.0
5898,168.0
5899,142.0
5900,149.0
5901,112.0
5902,104.0
5903,160.0
5904,244.0
5905,72.0
5906,112.0
5907,111.0
5908,112.0
5909,168.0
5910,111.0
5911,111.0
5912,111.0
5913,94.0
5914,197.0
5915,69.0
5916,86.0
5917,87.0
5918,133.0
5919,69.0
5920,69.0
5921,68.0
5922,381.0
5923,401.0
5924,353.0
5925,396.0
5926,452.0
5927,413.0
5928,322.0
5929,316.0
5930,451.0
5931,412.0
5932,281.0
5933,93.0
5934,294.0
5935,441.0
5936,441.0
5937,441.0
5938,164.0
5939,163.0
5940,426.0
5941,441.0
5942,294.0
5943,92.0
5944,101.0
5945,116.0
5946,229.0
5947,339.0
5948,111.0
5949,152.0
5950,81.0
5951,104.0
5952,81.0
5953,111.0
5954,111.0
5955,151.0
5956,104.0
5957,104.0
5958,266.0
5959,92.0
5960,297.0
5961,428.0
5962,400.0
5963,428.0
5964,166.0
5965,164.0
5966,413.0
5967,400.0
5968,296.0
5969,85.0
5970,145.0
5971,156.0
5972,282.0
5973,165.0
5974,110.0
5975,169.0
5976,196.0
5977,165.0
5978,124.0
5979,110.0
5980,126.0
5981,91.0
5982,91.0
5983,115.0
5984,123.0
5985,254.0
5986,369.0
5987,86.0
5988,48.0
5989,86.0
5990,47.0
5991,47.0
5992,276.0
5993,161.0
5994,107.0
5995,164.0
5996,192.0
5997,161.0
5998,121.0
5999,108.0
6000,123.0
6001,88.0
6002,89.0
6003,125.0
6004,382.0
6005,146.0
6006,146.0
6007,70.0
6008,253.0
6009,381.0
6010,252.0
6011,248.0
6012,379.0
6013,373.0
6014,248.0
6015,374.0
6016,379.0
6017,105.0
6018,66.0
6019,180.0
6020,52.0
6021,97.0
6022,63.0
6023,49.0
6024,92.0
6025,93.0
6026,112.0
6027,119.0
6028,246.0
6029,326.0
6030,57.0
6031,284.0
6032,114.0
6033,170.0
6034,113.0
6035,125.0
6036,80.0
6037,119.0
6038,186.0
6039,161.0
6040,254.0
6041,261.0
6042,161.0
6043,166.0
6044,113.0
6045,123.0
6046,256.0
6047,375.0
6048,350.0
6049,331.0
6050,339.0
6051,143.0
6052,230.0
6053,96.0
6054,190.0
6055,92.0
6056,354.0
6057,198.0
6058,367.0
6059,125.0
6060,391.0
6061,144.0
6062,152.0
6063,72.0
6064,261.0
6065,387.0
6066,261.0
6067,257.0
6068,387.0
6069,351.0
6070,257.0
6071,352.0
6072,387.0
6073,256.0
6074,97.0
6075,271.0
6076,434.0
6077,368.0
6078,374.0
6079,166.0
6080,161.0
6081,423.0
6082,368.0
6083,293.0
6084,88.0
6085,112.0
6086,153.0
6087,147.0
6088,152.0
6089,176.0
6090,154.0
6091,245.0
6092,90.0
6093,74.0
6094,156.0
6095,234.0
6096,75.0
6097,168.0
6098,274.0
6099,88.0
6100,286.0
6101,433.0
6102,432.0
6103,433.0
6104,158.0
6105,157.0
6106,418.0
6107,432.0
6108,286.0
6109,87.0
6110,181.0
6111,148.0
6112,153.0
6113,114.0
6114,105.0
6115,165.0
6116,286.0
6117,72.0
6118,106.0
6119,104.0
6120,106.0
6121,159.0
6122,105.0
6123,106.0
6124,104.0
6125,87.0
6126,185.0
6127,98.0
6128,309.0
6129,118.0
6130,223.0
6131,486.0
6132,471.0
6133,451.0
6134,470.0
6135,471.0
6136,463.0
6137,329.0
6138,329.0
6139,468.0
6140,463.0
6141,108.0
6142,143.0
6143,68.0
6144,59.0
6145,221.0
6146,109.0
6147,59.0
6148,123.0
6149,124.0
6150,108.0
6151,117.0
6152,245.0
6153,348.0
6154,254.0
6155,149.0
6156,169.0
6157,130.0
6158,189.0
6159,148.0
6160,154.0
6161,120.0
6162,106.0
6163,172.0
6164,287.0
6165,71.0
6166,145.0
6167,77.0
6168,99.0
6169,153.0
6170,160.0
6171,106.0
6172,107.0
6173,55.0
6174,64.0
6175,123.0
6176,122.0
6177,177.0
6178,64.0
6179,106.0
6180,64.0
6181,105.0
6182,114.0
6183,239.0
6184,345.0
6185,268.0
6186,158.0
6187,178.0
6188,140.0
6189,168.0
6190,120.0
6191,131.0
6192,79.0
6193,120.0
6194,181.0
6195,167.0
6196,278.0
6197,281.0
6198,168.0
6199,168.0
6200,98.0
6201,67.0
6202,152.0
6203,46.0
6204,107.0
6205,106.0
6206,106.0
6207,159.0
6208,106.0
6209,106.0
6210,106.0
6211,89.0
6212,188.0
6213,367.0
6214,376.0
6215,276.0
6216,367.0
6217,144.0
6218,376.0
6219,275.0
6220,144.0
6221,81.0
6222,257.0
6223,151.0
6224,99.0
6225,153.0
6226,176.0
6227,150.0
6228,112.0
6229,99.0
6230,113.0
6231,81.0
6232,81.0
6233,169.0
6234,121.0
6235,132.0
6236,80.0
6237,121.0
6238,184.0
6239,168.0
6240,280.0
6241,284.0
6242,169.0
6243,169.0
6244,448.0
6245,434.0
6246,395.0
6247,434.0
6248,434.0
6249,425.0
6250,318.0
6251,313.0
6252,431.0
6253,429.0
6254,269.0
6255,161.0
6256,180.0
6257,141.0
6258,103.0
6259,66.0
6260,150.0
6261,49.0
6262,126.0
6263,131.0
6264,204.0
6265,129.0
6266,218.0
6267,173.0
6268,84.0
6269,195.0
6270,89.0
6271,49.0
6272,50.0
6273,329.0
6274,341.0
6275,247.0
6276,329.0
6277,142.0
6278,339.0
6279,213.0
6280,142.0
6281,73.0
6282,136.0
6283,98.0
6284,98.0
6285,165.0
6286,98.0
6287,163.0
6288,136.0
6289,98.0
6290,114.0
6291,121.0
6292,249.0
6293,330.0
6294,137.0
6295,398.0
6296,140.0
6297,140.0
6298,86.0
6299,272.0
6300,340.0
6301,271.0
6302,214.0
6303,396.0
6304,390.0
6305,245.0
6306,390.0
6307,353.0
6308,107.0
6309,114.0
6310,239.0
6311,342.0
6312,204.0
6313,195.0
6314,267.0
6315,74.0
6316,139.0
6317,139.0
6318,233.0
6319,201.0
6320,112.0
6321,227.0
6322,75.0
6323,242.0
6324,93.0
6325,285.0
6326,432.0
6327,348.0
6328,387.0
6329,164.0
6330,163.0
6331,419.0
6332,348.0
6333,294.0
6334,85.0
6335,92.0
6336,323.0
6337,112.0
6338,225.0
6339,65.0
6340,295.0
6341,126.0
6342,80.0
6343,43.0
6344,43.0
6345,70.0
6346,87.0
6347,87.0
6348,134.0
6349,69.0
6350,69.0
6351,69.0
6352,64.0
6353,298.0
6354,122.0
6355,130.0
6356,68.0
6357,89.0
6358,321.0
6359,303.0
6360,308.0
6361,131.0
6362,211.0
6363,87.0
6364,175.0
6365,83.0
6366,324.0
6367,182.0
6368,337.0
6369,130.0
6370,405.0
6371,149.0
6372,159.0
6373,80.0
6374,272.0
6375,400.0
6376,270.0
6377,266.0
6378,401.0
6379,362.0
6380,267.0
6381,363.0
6382,401.0
6383,101.0
6384,65.0
6385,163.0
6386,51.0
6387,77.0
6388,77.0
6389,124.0
6390,78.0
6391,64.0
6392,86.0
6393,77.0
6394,77.0
6395,65.0
6396,78.0
6397,283.0
6398,272.0
6399,266.0
6400,125.0
6401,199.0
6402,86.0
6403,171.0
6404,85.0
6405,274.0
6406,174.0
6407,278.0
6408,134.0
6409,69.0
6410,90.0
6411,250.0
6412,139.0
6413,157.0
6414,139.0
6415,97.0
6416,65.0
6417,146.0
6418,47.0
6419,288.0
6420,96.0
6421,301.0
6422,456.0
6423,455.0
6424,456.0
6425,168.0
6426,167.0
6427,440.0
6428,455.0
6429,302.0
6430,94.0
6431,75.0
6432,93.0
6433,93.0
6434,141.0
6435,75.0
6436,75.0
6437,75.0
6438,138.0
6439,99.0
6440,99.0
6441,165.0
6442,99.0
6443,163.0
6444,138.0
6445,100.0
6446,143.0
6447,101.0
6448,101.0
6449,168.0
6450,101.0
6451,167.0
6452,142.0
6453,102.0
6454,122.0
6455,129.0
6456,192.0
6457,125.0
6458,210.0
6459,166.0
6460,83.0
6461,186.0
6462,123.0
6463,130.0
6464,200.0
6465,129.0
6466,215.0
6467,169.0
6468,84.0
6469,192.0
6470,109.0
6471,110.0
6472,57.0
6473,66.0
6474,124.0
6475,124.0
6476,179.0
6477,66.0
6478,108.0
6479,66.0
6480,109.0
6481,110.0
6482,57.0
6483,66.0
6484,125.0
6485,124.0
6486,180.0
6487,66.0
6488,109.0
6489,66.0
6490,114.0
6491,146.0
6492,71.0
6493,61.0
6494,218.0
6495,114.0
6496,61.0
6497,124.0
6498,129.0
6499,114.0
6500,149.0
6501,72.0
6502,63.0
6503,231.0
6504,115.0
6505,62.0
6506,130.0
6507,132.0
6508,267.0
6509,94.0
6510,298.0
6511,428.0
6512,400.0
6513,428.0
6514,167.0
6515,165.0
6516,412.0
6517,400.0
6518,297.0
6519,87.0
6520,279.0
6521,90.0
6522,292.0
6523,436.0
6524,436.0
6525,437.0
6526,156.0
6527,155.0
6528,423.0
6529,436.0
6530,293.0
6531,89.0
6532,282.0
6533,90.0
6534,295.0
6535,443.0
6536,443.0
6537,443.0
6538,164.0
6539,163.0
6540,428.0
6541,443.0
6542,296.0
6543,89.0
6544,177.0
6545,126.0
6546,137.0
6547,83.0
6548,126.0
6549,191.0
6550,175.0
6551,293.0
6552,297.0
6553,177.0
6554,176.0
6555,129.0
6556,400.0
6557,140.0
6558,153.0
6559,88.0
6560,275.0
6561,372.0
6562,273.0
6563,220.0
6564,395.0
6565,396.0
6566,269.0
6567,396.0
6568,395.0
6569,263.0
6570,96.0
6571,304.0
6572,440.0
6573,386.0
6574,414.0
6575,171.0
6576,169.0
6577,427.0
6578,386.0
6579,304.0
6580,91.0
6581,108.0
6582,145.0
6583,144.0
6584,144.0
6585,168.0
6586,145.0
6587,240.0
6588,84.0
6589,68.0
6590,147.0
6591,220.0
6592,70.0
6593,162.0
6594,173.0
6595,121.0
6596,129.0
6597,81.0
6598,123.0
6599,187.0
6600,172.0
6601,279.0
6602,282.0
6603,173.0
6604,172.0
6605,130.0
6606,388.0
6607,147.0
6608,143.0
6609,78.0
6610,276.0
6611,384.0
6612,274.0
6613,234.0
6614,383.0
6615,395.0
6616,270.0
6617,395.0
6618,383.0
6619,143.0
6620,102.0
6621,102.0
6622,171.0
6623,102.0
6624,169.0
6625,143.0
6626,102.0
6627,263.0
6628,155.0
6629,175.0
6630,138.0
6631,346.0
6632,360.0
6633,245.0
6634,346.0
6635,149.0
6636,359.0
6637,236.0
6638,148.0
6639,83.0
6640,266.0
6641,153.0
6642,171.0
6643,153.0
