mean,var,additive_smoothing,name
167.1626187860213,6253.245151008837,167.84486380830174,city_amsterdam
197.71564177733822,9247.462165109515,198.05431342865188,city_copenhagen
142.46014750358148,5389.802672962483,143.3586530090799,city_madrid
192.92437855863466,8006.648565218867,193.63808592887796,city_paris
149.59701407681987,5749.3584487565195,150.3108556269977,city_rome
89.06341655340152,1982.430395337515,89.58520835120116,city_sofia
145.97264197940882,3907.5939291345553,143.52974432588607,city_valletta
157.8337400672599,5629.002713914617,157.92826792259154,city_vienna
111.07019752473492,2717.428215827103,111.84852748995522,city_vilnius
166.85387711295948,7702.009557937062,164.5392988798321,language_austrian
157.95724432606403,6425.460423226505,155.99794844143292,language_belgian
154.76300613496932,6835.4322827509795,152.46065517999654,language_bulgarian
156.93382139329498,6927.897595733157,150.8538901649517,language_croatian
168.42031617175817,7732.35860234626,162.18051638273008,language_cypriot
159.46744171665327,6705.268250344076,152.77971851162417,language_czech
167.7883497170869,7324.486389430344,165.77487074178092,language_danish
158.65524662889268,6511.915972537569,154.42025881360348,language_dutch
162.6733840871772,7139.054864934151,161.03683860087136,language_estonian
173.90406181790812,8132.952208650383,171.62743604028944,language_finnish
163.47030558255048,6776.183692461009,157.65594874493954,language_french
160.27170965723423,6459.714237147783,152.85808581720292,language_german
163.47718508997428,7439.513779598336,158.3695860812778,language_greek
156.45149579701422,6760.167551198763,155.65158182185198,language_hungarian
166.32673313455086,7523.360276779934,161.3613655450629,language_irish
157.22076998796894,7017.8641373562605,151.6546014583834,language_italian
162.01062849419426,7095.261437777771,155.24082380967363,language_latvian
163.76092018254633,7356.374356830339,158.79300768195324,language_lithuanian
164.29384668270885,7671.843241149441,156.62930183509502,language_luxembourgish
162.97855322485788,7035.097759904877,158.976663436784,language_maltese
157.29603577350147,6487.62324174561,152.25401857591743,language_polish
165.92814371257484,7636.110612496441,157.90138042373684,language_portuguese
158.0147931355594,6918.967799462932,156.22716997601106,language_romanian
158.94750349383813,6942.965836820021,157.49546851835686,language_slovakian
163.25794128421163,7566.680008761288,157.4961857498609,language_slovene
158.86311226313907,6822.326422921219,154.24336705737,language_spanish
172.57284611310868,8056.144187386609,170.06397977604414,language_swedish
194.08675073165443,10760.67218433824,194.67364633001102,group_Accar Hotels
137.15959595959595,969.7572134813975,138.68961939149168,group_Boss Western
226.7184660049963,7141.080634371356,225.9751254726449,group_Chillton Worldwide
97.00765531789416,769.2009938661988,98.77005695552876,group_Independant
230.08980490397025,6938.963575811609,229.75936237307928,group_Morriott International
154.66070822195715,4453.728188750472,155.69341526221962,group_Yin Yang
78.18685801490872,250.22555322451427,79.75233276948293,brand_8 Premium
160.20269200316707,807.1973793089188,160.82017482578553,brand_Ardisson
125.59478126185358,849.9214426320364,126.83186050426046,brand_Boss Western
303.7180834378921,6145.983885029986,296.3628271351366,brand_Chill Garden Inn
296.7746490172483,6434.276888465149,292.3600353414288,brand_Corlton
162.11524822695034,876.2597779597456,162.12886558526992,brand_CourtYord
80.88227021597187,138.68343363512864,82.37732722991025,brand_Ibas
97.00765531789416,769.2009938661988,98.77005695552876,brand_Independant
150.95201025389704,762.9503094719418,152.0469535659404,brand_J.Halliday Inn
205.03054978686194,2929.981632609338,203.91082546043995,brand_Marcure
203.1957,2494.794294653128,201.28933446358994,brand_Morriot
118.71561530506722,355.81513113375695,119.74968682154396,brand_Navatel
214.4842585916847,3170.0400285850706,211.6586668170432,brand_Quadrupletree
209.08389580973952,3222.156271940986,208.2883564388248,brand_Royal Lotus
302.0910618792972,6517.468897931602,298.70943434780526,brand_Safitel
156.40432478270088,906.9665179304803,156.3631941269446,brand_Tripletree
159.90955056262857,7004.750171445847,161.63202211366425,children_policy_0
183.4205855552474,6865.98728461745,179.4041892749589,children_policy_1
272.94866300195656,5981.487021367303,255.5857780888202,children_policy_2
162.08493994255375,7172.1672405742465,163.60273622932095,mobile_0
162.83214668226293,7209.01037669893,164.32379617669676,mobile_1
144.1941025110773,5113.341039116342,145.91026661032376,pool_0
250.54235083327197,7845.024135393778,250.59760483425592,pool_1
161.30673425415054,7069.897883054825,162.86597818541426,parking_0
163.9188980432544,7341.625874924738,165.35008853710258,parking_1
193.5381679389313,633.3771255090276,141.5087855011617,hotel_id_0
97.88522588522588,15.126175101725261,94.42201284005422,hotel_id_1
92.13972286374134,18.388547437557673,89.06050273224106,hotel_id_2
69.69637883008356,10.111311833972376,68.12308670091558,hotel_id_3
44.44045368620038,4.303739187718393,44.90311722522995,hotel_id_4
136.97262479871176,266.9653784219004,118.06497345229708,hotel_id_5
123.39172749391727,24.613719545625564,116.72382074403181,hotel_id_6
95.28932584269663,16.059632737558992,90.98754270696418,hotel_id_7
124.60993975903614,237.8219825001365,108.06815142475129,hotel_id_8
84.78433734939759,11.501081285334338,82.64589742412406,hotel_id_9
153.75392038600722,23.842753331818272,143.49997776691083,hotel_id_10
183.76992481203007,499.7737929160247,151.3756250612827,hotel_id_11
78.57901085645356,11.026660373070383,77.07660694495692,hotel_id_12
60.25897920604915,8.461211834794058,59.570404691232284,hotel_id_13
156.34177215189874,38.64688210931568,144.90208140220992,hotel_id_14
299.1900452488688,3702.4834657079145,183.45935019111963,hotel_id_15
173.5710843373494,175.2488613077149,152.4855563928676,hotel_id_16
83.50763358778626,7.455008538525543,81.21471057594593,hotel_id_17
57.71819645732689,33.273684483922935,56.134747046348956,hotel_id_18
56.66183574879227,3.946750818139309,56.31134760549373,hotel_id_19
71.51963048498845,11.789787608965485,70.2975695978782,hotel_id_20
85.76666666666667,18.565746068277754,83.5839758191697,hotel_id_21
168.2064714946071,193.05915558599204,142.9655654515346,hotel_id_22
191.43345543345544,363.1236226419597,163.63200958717383,hotel_id_23
313.90274599542334,4512.037495314559,207.4608771455185,hotel_id_24
185.25849056603772,2505.6249277740126,124.56789193532305,hotel_id_25
171.52696078431373,142.30885363973576,139.88671936758877,hotel_id_26
301.65864833906073,2817.470501381923,221.18485263192844,hotel_id_27
166.3993095512083,1243.4958981402433,132.02923871061034,hotel_id_28
262.18390804597703,3707.356242477145,183.8088686972086,hotel_id_29
101.6,13.61481481481482,64.4904891304348,hotel_id_30
104.59537572254335,128.049052665382,97.29595068192502,hotel_id_31
181.1868131868132,38.746231763346664,165.3408730158743,hotel_id_32
160.9683257918552,307.71953903569363,135.99239601168472,hotel_id_33
78.16525934861279,13.473864093285114,76.68064277798238,hotel_id_34
82.96827794561933,13.933939238816976,79.95693725467818,hotel_id_35
197.94871794871796,70.09027647169427,178.5444274809166,hotel_id_36
206.85218702865762,1510.5551575963873,146.46278193898013,hotel_id_37
95.95125348189416,23.792599542351923,91.19011051730376,hotel_id_38
105.63815028901735,110.47655213016475,98.04525535142554,hotel_id_39
111.93075684380032,18.045197652070048,104.94741215574528,hotel_id_40
130.3298969072165,154.40251111321282,118.46005826119281,hotel_id_41
206.78969359331475,1811.6502701988725,149.84631688394887,hotel_id_42
81.7927536231884,9.946826949370022,79.67874476064347,hotel_id_43
53.752362948960304,28.56924156498819,52.22910611752972,hotel_id_44
169.28795180722892,215.45739386980935,149.37762737514888,hotel_id_45
262.35981308411215,1557.2753835715391,135.37344438062533,hotel_id_46
143.63929146537842,224.12451820684637,124.06306256860698,hotel_id_47
68.8899721448468,14.480206135903616,67.3564429850107,hotel_id_48
163.33563218390805,40.88607065857177,151.0072244623673,hotel_id_49
145.53968253968253,206.0360150580202,130.0683061286039,hotel_id_50
149.09874826147427,252.3676725256759,128.6192506276367,hotel_id_51
167.33855421686746,217.53180490357056,147.3736208415507,hotel_id_52
97.02930402930403,12.534592546817489,93.61258140501653,hotel_id_53
89.40693641618498,24.0124518304431,86.65453269593485,hotel_id_54
115.11954459203037,107.17389484924311,100.29408322496684,hotel_id_55
207.3053435114504,598.3960708186756,152.29866666666825,hotel_id_56
152.2296072507553,29.57806308303356,138.9662909110728,hotel_id_57
277.2451219512195,3263.201136126751,193.27699736610913,hotel_id_58
112.28019323671498,17.882655446470302,105.26940883190865,hotel_id_59
96.3089133089133,16.932573267536597,92.93131956953545,hotel_id_60
201.34299516908212,492.87410004675047,159.90065352854973,hotel_id_61
85.3103448275862,23.949605174397913,83.14920273348541,hotel_id_62
147.56495468277944,30.352052872375854,134.76218482818862,hotel_id_63
82.54229607250755,9.268253721588142,79.778265830005,hotel_id_64
161.9873563218391,55.70870071293455,149.77549563172224,hotel_id_65
170.40160183066362,463.9794246935129,147.54558276199924,hotel_id_66
200.09930715935334,76.74157177375226,183.006358768407,hotel_id_67
168.53551912568307,169.85503170994392,138.38267297457242,hotel_id_68
255.6613088404133,109.06101851485286,229.24822231303483,hotel_id_69
178.44410876132932,70.6829531379262,159.1942415355927,hotel_id_70
269.9871794871795,217.41541791541792,110.66297996661078,hotel_id_71
57.230273752012884,4.848501376551864,56.68552217629941,hotel_id_72
230.895390070922,3484.079623471021,145.74134410511547,hotel_id_73
114.33333333333333,18.590322580645203,107.16132478632471,hotel_id_74
123.55167394468704,707.4430256194776,102.18833846883244,hotel_id_75
58.78099838969404,4.86808996935224,58.170624884337144,hotel_id_76
278.37795275590554,2570.7444439267597,148.83541657957554,hotel_id_77
375.5413625304136,8827.649322379984,226.69276175447877,hotel_id_78
105.52078521939954,134.6290472439894,97.74674451819,hotel_id_79
239.3462157809984,2563.778328398522,159.66751907258336,hotel_id_80
148.3855140186916,323.8440051215821,117.51749579954651,hotel_id_81
109.23734939759036,15.194502012876685,104.7650290592094,hotel_id_82
173.64948453608247,127.76191345071916,148.95173137460864,hotel_id_83
216.70048309178745,1216.4101449275372,144.68328858202446,hotel_id_84
130.7710843373494,671.4770880869679,111.86263758580272,hotel_id_85
111.55783132530121,21.42427514642416,106.71385856023332,hotel_id_86
210.09351432880845,1967.8764382350673,145.12519096577216,hotel_id_87
123.93110236220473,132.0721668297378,107.26715867158606,hotel_id_88
91.10305958132045,104.2377486883797,83.56781768754634,hotel_id_89
192.0060975609756,400.01583579022514,164.14733322325046,hotel_id_90
130.56516443361755,43.131419149757946,122.84703278836798,hotel_id_91
86.77899877899878,10.24327479095204,84.87951976081467,hotel_id_92
247.6482122260669,771.1567029202647,197.75057567893438,hotel_id_93
253.65671641791045,108.2027105850057,227.46440539435898,hotel_id_94
370.7765108323831,8286.479675939665,229.89979463808604,hotel_id_95
157.65323565323564,937.6717835275266,127.80419224903449,hotel_id_96
222.11303344867358,244.4976012956468,190.8512653253687,hotel_id_97
148.24622356495468,46.77589343254535,135.3761912541539,hotel_id_98
201.91585365853658,227.5936433485216,171.14885339885382,hotel_id_99
90.21978021978022,8.25237110078185,87.56929429777774,hotel_id_100
334.89518072289155,4563.005887482379,221.68553758325314,hotel_id_101
262.4476409666283,3821.952612516117,183.35267643397341,hotel_id_102
181.4680337756333,43.464254704171815,166.85888601150103,hotel_id_103
57.34138486312399,4.7574619500285635,56.79193140460117,hotel_id_104
166.84698795180722,233.1068365137274,146.9457146453012,hotel_id_105
158.55092592592592,128.76306178568348,124.83027291711643,hotel_id_106
47.62759924385633,5.203858051211566,47.98741402019554,hotel_id_107
95.16455696202532,28.289784275271845,90.62885190823629,hotel_id_108
95.98109640831758,88.38600561379387,87.2706508556792,hotel_id_109
194.54146341463414,522.395104082909,164.95823095823164,hotel_id_110
135.00482509047043,356.9637448063264,118.47723193789597,hotel_id_111
75.48333333333333,11.551877607788592,73.25555730726715,hotel_id_112
89.87301587301587,13.607327201459281,86.84499561221207,hotel_id_113
148.32918149466192,229.26934300086947,122.86529733504086,hotel_id_114
108.32798165137615,21.6925341535091,104.64301880222988,hotel_id_115
119.01359516616314,154.40072260742,106.19599002811275,hotel_id_116
83.0421686746988,79.40352725740117,78.8570215048954,hotel_id_117
93.44283413848632,77.27293647083272,85.66886459598523,hotel_id_118
253.75632183908047,4139.901427192047,178.50407599974187,hotel_id_119
140.94032023289665,221.65386753578608,121.71756595913658,hotel_id_120
83.1426927502877,13.276850344428954,81.07950708240149,hotel_id_121
323.8897338403042,3039.446865833785,192.88426738690086,hotel_id_122
133.5247410817031,415.58377657458965,115.65900428307812,hotel_id_123
295.60076045627375,1699.466970849175,190.87434146341528,hotel_id_124
55.410628019323674,3.9907900888265564,55.445654880477456,hotel_id_125
94.88670520231214,101.47789017341056,88.43094202592656,hotel_id_126
70.43583815028902,7.99153821451509,69.55880392766622,hotel_id_127
242.26015037593984,2405.9246897363882,162.69925866559856,hotel_id_128
107.25348189415041,120.95936721794241,96.56102847010187,hotel_id_129
247.0367816091954,3551.858254302076,172.9972847787881,hotel_id_130
148.33137254901962,78.19056589236874,124.85925588062838,hotel_id_131
337.6396807297605,8054.792396244977,210.9150473061017,hotel_id_132
160.32566168009205,46.858108000615054,148.54874863065834,hotel_id_133
78.06264501160094,11.184438569039072,73.35125478519718,hotel_id_134
279.41359447004606,4735.6268968687955,189.7038153234308,hotel_id_135
100.4476650563607,371.6089501844056,83.4450742665191,hotel_id_136
46.17391304347826,4.484848484848467,46.580638079905775,hotel_id_137
68.57505773672055,10.089735545795602,67.77401029646653,hotel_id_138
76.39368770764119,9.6400932001481,73.33932458486157,hotel_id_139
155.40895061728395,1526.1029800408362,118.89087347852603,hotel_id_140
89.2022684310019,15.233631208111374,85.76049224640705,hotel_id_141
356.5897435897436,2434.9684032349046,248.52085308056863,hotel_id_142
63.996219281663514,71.75377355788497,58.384939759035554,hotel_id_143
77.34353268428373,15.916639870448378,74.81661680575168,hotel_id_144
95.3289224952741,99.86887781405744,86.68952971297605,hotel_id_145
195.19059107358262,486.4249838289547,166.78692138133783,hotel_id_146
169.14302191464822,208.03032942561552,148.30479465749724,hotel_id_147
115.80437284234753,21.899473943777732,110.5344767994487,hotel_id_148
174.47806004618937,185.17235045188156,152.30797448165978,hotel_id_149
210.9977011494253,450.6881420049465,178.39431520566902,hotel_id_150
263.7242339832869,1399.2013923691645,192.22216848045093,hotel_id_151
194.65813253012047,944.5420755419881,152.5026165778922,hotel_id_152
287.88170731707316,3901.7552205247393,195.7809153514103,hotel_id_153
280.10023041474653,2959.658915748469,198.31860156173883,hotel_id_154
110.12721417069243,746.3144356137337,89.49107739778839,hotel_id_155
70.63788300835654,13.38891155114735,68.83951399894276,hotel_id_156
294.9855421686747,1977.7512985597446,205.98468893123214,hotel_id_157
161.9433734939759,326.9388884851825,142.38445114293108,hotel_id_158
254.48275862068965,3869.612475695419,179.0111688811848,hotel_id_159
98.17492711370262,56.60673793326851,81.505173232083,hotel_id_160
114.71340206185567,19.69661753429321,105.19519631171856,hotel_id_161
293.831884057971,2446.5414223120993,152.22895160809213,hotel_id_162
216.39951865222622,2808.9823612138107,156.39049195021857,hotel_id_163
142.98880597014926,162.75875296415148,119.94775520286576,hotel_id_164
161.52528735632183,57.05977408303894,149.3533686155932,hotel_id_165
115.17125984251969,110.1224859836308,97.87268899269625,hotel_id_166
80.75679758308156,10.623062648829269,78.09258414147108,hotel_id_167
317.8285714285714,4440.069965576592,196.10066024860663,hotel_id_168
73.7090909090909,7.173063973063988,53.00305654610292,hotel_id_169
145.49025069637884,253.84857985338084,125.52081950109249,hotel_id_170
80.50829562594268,72.49804286111373,75.13808267370206,hotel_id_171
127.88781664656213,91.98619196634093,116.86190724335779,hotel_id_172
110.90346907993967,21.051090666338627,104.23535967013997,hotel_id_173
131.71445086705202,30.06304324555769,125.1660532582832,hotel_id_174
105.98034682080925,99.18132626846527,98.56057087362376,hotel_id_175
87.67356321839081,9.957758290014961,85.40082355002664,hotel_id_176
148.17713365539453,177.08147628694633,127.5865674092737,hotel_id_177
270.98607242339835,2846.234115375494,174.70339466552497,hotel_id_178
112.6500754147813,14.892473559258706,105.84844263665258,hotel_id_179
73.19610570236439,8.171795398282141,71.27042996570756,hotel_id_180
92.14744801512288,128.52746033109926,83.5787388355376,hotel_id_181
162.84942528735633,51.81734719521702,150.56304603494797,hotel_id_182
172.47987117552336,2030.8177393382148,123.68938113724754,hotel_id_183
320.5157894736842,4222.156753329105,195.97748208802363,hotel_id_184
142.83140877598152,170.35535916912514,127.99011922260571,hotel_id_185
125.23387096774194,70.53693678609957,117.63156324582545,hotel_id_186
147.5319587628866,272.6461872710231,121.50355275506094,hotel_id_187
86.02183908045977,12.856829755432953,84.37039813059414,hotel_id_188
109.08695652173913,27.927910238429202,102.32692307692272,hotel_id_189
53.88468809073724,24.965844646846573,52.53563807084875,hotel_id_190
149.2508896797153,304.5447853033154,122.91790094885519,hotel_id_191
120.43333333333334,23.500153433064824,114.40349821651313,hotel_id_192
147.62243667068756,40.742539466093255,138.15044563280102,hotel_id_193
122.73160173160173,18.832482546355394,114.93918595371198,hotel_id_194
145.16616314199396,35.08278676910849,132.9550070983961,hotel_id_195
109.8433734939759,19.565305855508868,105.33599709408045,hotel_id_196
112.83236994219654,18.166826611913343,104.17058329836274,hotel_id_197
125.44122383252818,158.15339462885052,110.639592772837,hotel_id_198
222.1237113402062,449.6245862101571,186.06859686501224,hotel_id_199
129.84629981024668,25.65123628256652,118.57616934107172,hotel_id_200
90.74669187145558,56.15919831586182,84.5607283260908,hotel_id_201
184.85836385836384,452.68407115839824,157.11435143350144,hotel_id_202
112.50472589792061,170.8034814114681,98.73441168797224,hotel_id_203
57.76489533011272,6.0027011583813925,57.1975202023311,hotel_id_204
87.69826589595375,21.82436041532869,85.2171237693393,hotel_id_205
168.58194444444445,111.56490302889863,149.03893770937745,hotel_id_206
167.29770114942528,43.72830310966494,154.6268061155929,hotel_id_207
65.51886792452831,8.541231230160147,64.38359616907836,hotel_id_208
70.50116009280742,9.348254465008292,66.97855365874524,hotel_id_209
110.7356495468278,164.07070903282153,98.41765606036633,hotel_id_210
149.58624849215923,25.663144000978967,139.96417112299713,hotel_id_211
209.01377952755905,1337.832156890153,128.30373988411756,hotel_id_212
96.83286908077994,17.10731421156717,92.0112073885745,hotel_id_213
239.01447527141133,3414.7220124356827,171.59826827927344,hotel_id_214
79.19967793880838,17.627806347722185,76.11477588498181,hotel_id_215
220.32110091743118,650.3215749059922,181.1554824479413,hotel_id_216
137.10305958132045,464.9603293335411,104.69686242180377,hotel_id_217
242.0,2842.848192771085,174.13739907232338,hotel_id_218
214.04833836858006,2171.561956387603,149.88629407572145,hotel_id_219
83.81117824773413,77.89923945683307,78.34821724252058,hotel_id_220
55.57326892109501,4.712768167887385,55.26568493998204,hotel_id_221
313.5841726618705,1873.5573860220222,223.0685979331097,hotel_id_222
150.8335343787696,39.29592722737917,141.11613190731086,hotel_id_223
149.03975903614457,176.72097461014087,131.44460292822322,hotel_id_224
185.46330275229357,285.6289617543881,161.3166456096026,hotel_id_225
107.75867269984917,21.80572149845292,101.60839199910602,hotel_id_226
85.30229885057472,14.415990106212721,82.96345674695131,hotel_id_227
134.85333333333332,29.53771841958816,122.4170842281085,hotel_id_228
210.86353211009174,498.49226213674115,178.34831244714346,hotel_id_229
145.73341375150784,1428.6160440085553,118.09660866546005,hotel_id_230
151.22445255474452,34.15611030304643,134.01194125159716,hotel_id_231
75.35605006954103,10.611213345679031,73.31870218939522,hotel_id_232
143.7093023255814,196.06966588808768,124.70817779105228,hotel_id_233
165.78313253012047,297.29669946371837,146.01963334312399,hotel_id_234
143.9041570438799,226.71334686085765,128.6809420969015,hotel_id_235
80.49697885196375,12.25642051089852,78.28493575034351,hotel_id_236
154.15370018975332,208.2481944574714,126.47878489730718,hotel_id_237
162.3153409090909,36.324316242079426,147.0773222097895,hotel_id_238
348.41930618401204,5087.730261149325,201.81877258826677,hotel_id_239
179.85829307568437,1696.547628694612,128.63329383886423,hotel_id_240
126.83949191685912,31.841259394732262,119.5963715903263,hotel_id_241
217.74722222222223,3082.623079894914,150.47867280544946,hotel_id_242
98.6007326007326,25.951637604449285,94.4573355353709,hotel_id_243
321.2537878787879,4712.774179173137,173.3120201486779,hotel_id_244
136.7993966817496,34.755770028206534,127.11047861169568,hotel_id_245
291.63448275862066,5767.38523074481,196.30126037503652,hotel_id_246
151.93558776167473,391.4990701781719,126.04742811923104,hotel_id_247
251.36280137772675,4160.730292832914,177.1729941542994,hotel_id_248
89.06811594202898,13.279823731095286,85.44566577787381,hotel_id_249
331.9426847662142,7711.999731149727,190.70455876778777,hotel_id_250
169.26707317073172,43.15569105691043,155.60577178828103,hotel_id_251
218.49782923299566,2631.018473541812,153.43495427259268,hotel_id_252
263.61417322834643,867.0382208141131,175.95951585976798,hotel_id_253
165.71724137931034,52.520646006110915,153.182963709679,hotel_id_254
184.880664652568,186.39269668313642,157.4687070326447,hotel_id_255
78.58383594692401,8.182878504455054,77.25602813902843,hotel_id_256
182.50515463917526,267.67686560105994,157.88047058823597,hotel_id_257
153.51372549019607,212.25030239993865,121.41177191155795,hotel_id_258
133.62084765177548,164.33887680359842,120.67911908646226,hotel_id_259
103.46935933147633,18.44466653457809,97.6953693665791,hotel_id_260
119.97687861271676,817.7726129308497,99.96531200242806,hotel_id_261
94.29879518072289,110.32113381060465,83.62094951017272,hotel_id_262
114.92156862745098,214.36729777906234,92.80647672427158,hotel_id_263
79.06393244873341,14.410158913305679,77.540681566309,hotel_id_264
247.98823529411766,2096.0627296891253,162.10590569205127,hotel_id_265
79.6928895612708,10.02826754687572,77.08163381890819,hotel_id_266
179.009768009768,38.66494114415889,163.37548500881974,hotel_id_267
117.89274924471299,139.08530286894788,104.66798585826652,hotel_id_268
153.19059107358262,25.079573200934597,142.98083507492805,hotel_id_269
114.15500945179583,125.16910838059214,100.15790503521981,hotel_id_270
81.2291917973462,14.63581347645441,79.61285555965976,hotel_id_271
49.253308128544425,4.833440740104244,49.383594604447104,hotel_id_272
140.60445682451254,28.13342501835654,128.84708725643384,hotel_id_273
184.03784403669724,350.56917468058407,160.08974257738532,hotel_id_274
123.14954682779457,102.11829782760707,109.82671192913661,hotel_id_275
70.50635838150289,8.909971098265917,69.47530590530164,hotel_id_276
212.67281105990784,122.26191273473287,186.79441726157015,hotel_id_277
113.0127504553734,15.173194793453229,104.52414386964229,hotel_id_278
61.61030927835051,54.61848854051297,57.73707865168481,hotel_id_279
120.64835164835165,19.67570326983529,115.16680429397356,hotel_id_280
136.62277580071174,1068.2745605521416,101.69685574010273,hotel_id_281
148.0677570093458,269.00944975814684,117.69039589442755,hotel_id_282
111.03097345132744,56.78929033607417,102.60900080364344,hotel_id_283
141.45058139534885,200.8505382349957,122.77447613359365,hotel_id_284
91.3699421965318,15.643076964247435,88.51629314503808,hotel_id_285
115.80106571936057,125.32690277681215,101.20203932103983,hotel_id_286
182.96415094339622,1349.4939865178142,129.74556526343775,hotel_id_287
114.91329479768787,16.89401209632424,106.05895929500562,hotel_id_288
138.3882783882784,185.48230742362767,124.55058079057079,hotel_id_289
185.25,227.26004592422495,160.20325809617327,hotel_id_290
243.72039072039072,2063.7958062041225,171.99979484373853,hotel_id_291
208.02363636363637,222.88650769995027,162.4985929761387,hotel_id_292
69.18105849582173,14.569682560032357,67.63317620888654,hotel_id_293
60.79549114331723,4.508108669679495,60.09987045833011,hotel_id_294
72.05313092979127,11.084624209060578,69.12824330072246,hotel_id_295
67.51114206128133,14.56542658787969,66.04560139823035,hotel_id_296
303.41884057971015,4630.02025409647,189.5909663487483,hotel_id_297
153.50557103064068,258.6436230346971,132.34406715356351,hotel_id_298
115.14022988505747,39.37501950980778,109.4559284885487,hotel_id_299
140.76312576312577,225.26167041325994,125.59119821213903,hotel_id_300
131.61735419630156,86.25650751966536,116.9483909534734,hotel_id_301
61.9413988657845,6.093150312195678,61.181206110185435,hotel_id_302
201.86610373944512,472.9059631824619,172.4343211690753,hotel_id_303
90.65028355387524,14.178603139141886,87.1227059325644,hotel_id_304
189.67988668555242,242.4590842424608,157.88843766046045,hotel_id_305
211.19080459770115,407.300720870866,176.2280001520504,hotel_id_306
118.75542168674698,133.32611652884148,108.88736741436433,hotel_id_307
241.59633027522935,2529.6141311789675,176.50769588776853,hotel_id_308
96.99755799755799,13.383857110018466,93.58255969701229,hotel_id_309
66.25633802816901,7.889064145096194,64.98711893516463,hotel_id_310
103.31966224366707,13.452040465493017,100.52619212163192,hotel_id_311
106.24277456647398,95.3345108113893,98.59619922467688,hotel_id_312
69.89479768786127,6.735447441661315,68.88898740911438,hotel_id_313
118.65747126436781,24.982654127481677,112.7435643989876,hotel_id_314
274.7703927492447,657.0304080149557,208.28086770658032,hotel_id_315
173.80972222222223,339.73147697419245,144.98464851984465,hotel_id_316
188.70963855421687,336.82149926606445,162.63390471492662,hotel_id_317
141.84859584859583,114.91836905284295,127.6214025658829,hotel_id_318
321.884030418251,2096.3884302009747,199.16513890188025,hotel_id_319
113.84702093397746,17.34268869149657,106.71320037986695,hotel_id_320
270.70093457943926,2595.371708726389,133.6879439123872,hotel_id_321
83.59447004608295,12.001445739586162,82.03490786973629,hotel_id_322
296.20458891013385,1809.8373735375765,183.8135697109724,hotel_id_323
157.19359331476323,217.04057256519908,135.1694819020602,hotel_id_324
99.5180265654649,17.390834120965938,92.53048653886015,hotel_id_325
286.7409638554217,2088.148742133797,201.91940811648746,hotel_id_326
222.08735632183908,340.41583535044884,187.33056548648685,hotel_id_327
70.55632823365787,10.631572014675209,68.76713268266877,hotel_id_328
237.39316239316238,414.72298497481796,195.01615598885726,hotel_id_329
296.43689320388347,5320.274137001083,182.68473609129708,hotel_id_330
93.67779056386651,66.28085409894301,88.27134845781362,hotel_id_331
264.7439024390244,3545.6681556925605,181.0287398185538,hotel_id_332
100.58381502890174,111.52103403981991,93.8271134805799,hotel_id_333
78.92220113851992,12.57758602030291,75.02274007321817,hotel_id_334
92.56654456654456,14.778879365676419,89.39222206826507,hotel_id_335
124.07099697885197,94.58950550982443,110.34879906888229,hotel_id_336
93.71266540642722,91.62182792003195,85.81599294628259,hotel_id_337
195.38188073394497,102.624378548331,177.04650397135705,hotel_id_338
244.33563218390805,1694.533941774796,171.92791578406718,hotel_id_339
77.6099518459069,16.190061573240182,75.08190960862649,hotel_id_340
112.81388888888888,126.89160098902762,101.02347188264125,hotel_id_341
120.683908045977,26.58696744838174,114.63771541536138,hotel_id_342
80.59063444108762,12.78980625345649,77.93571021106605,hotel_id_343
69.12795549374131,9.22872993673509,67.93949383241103,hotel_id_344
134.6448467966574,28.248864620847375,124.38150552906714,hotel_id_345
190.24606299212599,735.3377556725533,135.30386342220615,hotel_id_346
78.9624478442281,11.298030768515531,76.34393533826623,hotel_id_347
182.98656898656898,478.11106633111655,155.54017086995927,hotel_id_348
267.6984126984127,2655.3747040788653,187.52992323890905,hotel_id_349
333.9942965779468,3486.344729313779,184.99221138143287,hotel_id_350
89.26521739130435,59.646538777055625,84.50408119428563,hotel_id_351
100.22316043425815,13.707385651765946,97.79026597709723,hotel_id_352
44.42155009451796,3.7973377441713994,45.04633913490435,hotel_id_353
92.3595166163142,14.720779191100148,88.79845269924272,hotel_id_354
83.98067632850241,12.496400187003292,80.83786731293478,hotel_id_355
78.48717948717949,10.452483845742295,75.91652047667951,hotel_id_356
177.17067583046963,258.4857446115366,154.20372342523657,hotel_id_357
256.7987804878049,2731.032721343695,183.06087586706587,hotel_id_358
133.93777134587555,175.8961219824249,117.8471964258835,hotel_id_359
184.71401515151516,293.24822825024404,146.4457981695009,hotel_id_360
153.86629526462394,204.62087077462172,132.65114293844448,hotel_id_361
89.77616747181965,83.35788270739175,82.8459077424227,hotel_id_362
148.86717267552183,262.6667340062477,122.19579387529251,hotel_id_363
155.8426183844011,314.121639996426,133.4035228182566,hotel_id_364
97.05250305250306,12.203841526579891,93.63452034548118,hotel_id_365
78.8950542822678,8.412886138354228,77.37906353897246,hotel_id_366
98.20338983050847,17.106716886377974,93.13186246418269,hotel_id_367
76.35045317220543,10.594092078741836,74.1398089354149,hotel_id_368
75.7415458937198,8.581246458592567,74.69567640365875,hotel_id_369
62.34426229508197,4.829508196721311,51.154929577464806,hotel_id_370
96.71537001897534,20.652672058643102,90.28111111111042,hotel_id_371
113.67175572519083,204.41212616583712,98.03106393994241,hotel_id_372
143.1289156626506,1240.87720871423,116.4820475121898,hotel_id_373
101.32166666666667,15.691015581524772,94.62649645736555,hotel_id_374
105.75662650602409,17.7356315491156,101.71194539249258,hotel_id_375
205.9431818181818,3240.622951526649,128.93220577871884,hotel_id_376
135.60721062618595,52.17432053159785,121.72249832102077,hotel_id_377
128.4658959537572,27.994495290088,121.09656090335532,hotel_id_378
331.51029748283753,3908.8687369102545,213.36864915517273,hotel_id_379
75.6763888888889,10.772737984855596,73.43817331441414,hotel_id_380
131.94289693593313,45.54066774668514,121.61903557152394,hotel_id_381
161.2250755287009,322.83126134073177,136.50995754144944,hotel_id_382
45.003780718336486,4.878773557885075,45.44826576906135,hotel_id_383
170.06120092378754,258.04596109946823,148.4951754385978,hotel_id_384
302.67110266159693,1845.8249538294413,172.70528131062775,hotel_id_385
102.20194986072423,20.04423608116448,96.52093335398288,hotel_id_386
329.8807228915663,7599.246310695145,211.4836143616193,hotel_id_387
127.8891454965358,23.75879533834391,120.57102418939994,hotel_id_388
110.11953352769679,114.33362317358024,91.22752728998522,hotel_id_389
183.73713490959665,376.33052715586837,153.4810557292647,hotel_id_390
187.15750915750917,165.24044170987932,161.65070551891222,hotel_id_391
183.6697247706422,240.6692086497647,159.46439689482665,hotel_id_392
142.21016166281754,201.23439373105958,127.18650421743446,hotel_id_393
65.62479871175523,39.57028725780471,62.64202985074561,hotel_id_394
53.142857142857146,2.379220779220779,46.89604863221887,hotel_id_395
119.33055555555555,493.4983696492044,96.36857205914895,hotel_id_396
364.51090700344434,5024.165110785586,237.2641156007503,hotel_id_397
65.09248554913295,7.808566152858057,64.56541098940173,hotel_id_398
171.23887587822014,192.12120812305534,134.3480598750182,hotel_id_399
95.05692599620494,26.73819813709858,88.16374672368538,hotel_id_400
191.0830280830281,391.110457323171,162.67670905873237,hotel_id_401
132.49451887941535,22.745396749947968,124.63548911570972,hotel_id_402
340.49022556390975,5841.072569979173,197.16831168831052,hotel_id_403
137.90322580645162,33.67692873788796,123.75406312961724,hotel_id_404
100.15140415140415,12.29734215797785,96.34705069124499,hotel_id_405
56.05636070853462,5.472624798711737,55.729736418759416,hotel_id_406
273.21733821733824,2794.89647163486,191.36797771890355,hotel_id_407
122.04991948470209,177.73137499350693,107.6944677518602,hotel_id_408
94.15942028985508,70.03744740532956,86.55765661252833,hotel_id_409
120.93827160493827,117.05027954280928,107.88728730898498,hotel_id_410
93.6966551326413,15.179238221575853,90.53965065502256,hotel_id_411
268.96662830840046,127.27883896422126,239.58484959498333,hotel_id_412
227.46136101499422,1277.923158884531,182.0837788355905,hotel_id_413
65.88310185185185,8.355959776404399,65.181522996174,hotel_id_414
126.61376673040154,93.54785609107486,107.6043013505724,hotel_id_415
97.85255198487712,68.69412699776599,88.64555771942719,hotel_id_416
167.8710843373494,312.71556818346966,147.5339110776205,hotel_id_417
140.92352941176472,184.68765745984075,117.208067940552,hotel_id_418
125.65750286368844,175.42269880303067,114.27612522053295,hotel_id_419
57.626204238921005,3.813674946622924,56.59402679159591,hotel_id_420
134.05927342256214,287.1478209270121,109.04727451100607,hotel_id_421
403.84287454323993,8239.18625709279,239.11532167772074,hotel_id_422
254.85480093676816,2011.7863794790599,135.51646070192893,hotel_id_423
216.66477272727272,2998.595189322061,136.20838249870363,hotel_id_424
252.4548780487805,3538.3312948569014,179.98774890430238,hotel_id_425
141.2600382409178,1186.63723141616,105.03713260040401,hotel_id_426
199.20138089758342,2627.4190764319396,149.30241535991243,hotel_id_427
114.29305135951661,204.54334044819007,101.78753571050711,hotel_id_428
244.5826296743064,203.6371858300845,216.8114736708099,hotel_id_429
160.65944881889763,27.86209989283879,143.2720776968442,hotel_id_430
126.93528693528694,19.918789984804633,119.72648913487458,hotel_id_431
150.56069364161849,103.42439797353121,125.89579489789467,hotel_id_432
138.990231990232,219.69672598523465,124.03111569537775,hotel_id_433
112.31746031746032,129.28295882330144,102.94474019974611,hotel_id_434
392.8138686131387,7481.165069303058,236.05106494413508,hotel_id_435
250.4868270332188,108.08038820055307,225.15025949082442,hotel_id_436
97.08774373259052,30.506934651111152,92.01464651692355,hotel_id_437
109.13725490196079,19.224335051240995,102.88507095764894,hotel_id_438
107.70745428973277,58.49176125671078,98.2876518933095,hotel_id_439
112.2576112412178,213.07432573583557,87.97063492063437,hotel_id_440
200.42283950617283,364.91521170835983,164.15170480148436,hotel_id_441
180.8664259927798,294.80261841590124,155.6583336748505,hotel_id_442
138.7863247863248,221.76480053497127,123.85168471721033,hotel_id_443
106.31221198156682,699.0708080196034,91.70597189695688,hotel_id_444
91.95238095238095,10.627314006287122,89.01286917878004,hotel_id_445
109.10564663023679,14.580059298259615,101.30090377458731,hotel_id_446
129.8831615120275,191.39229641539768,117.58722569572357,hotel_id_447
119.1159420289855,122.85750350631147,106.01827411167527,hotel_id_448
216.53598484848484,341.66853185555766,165.62231537843297,hotel_id_449
171.06024096385542,46.100106093856716,160.1610456816577,hotel_id_450
109.40418679549114,21.192821152147953,102.61924264007564,hotel_id_451
215.09305555555557,3136.8744996909277,149.77784167145938,hotel_id_452
311.23439667128986,5599.521370781315,191.10795531482614,hotel_id_453
96.53529411764706,334.09207211371785,74.67532853659932,hotel_id_454
162.76923076923077,319.71553869858957,138.78318125259406,hotel_id_455
160.81617647058823,420.94155586067296,125.42053180238656,hotel_id_456
147.64350453172204,42.49601674657562,134.83297936067243,hotel_id_457
76.16050808314088,54.19039234270927,73.30887261063624,hotel_id_458
90.22413793103448,47.64990559475303,80.0161628255008,hotel_id_459
84.1133896260555,7.902586201872896,82.18709974660199,hotel_id_460
57.03542673107891,4.7245493740584905,56.498920486089055,hotel_id_461
81.44108761329305,9.248415154188217,78.51914215825633,hotel_id_462
100.33211233211233,12.156070226974878,96.5175576036874,hotel_id_463
79.72463768115942,12.606311360448803,77.06332036946942,hotel_id_464
257.2224409448819,1448.7216255882206,167.02780737809084,hotel_id_465
153.64962121212122,278.5999619055839,126.11573647694539,hotel_id_466
257.82798165137615,122.68449741412904,231.20547050418295,hotel_id_467
67.3175519630485,8.12910197706555,66.56572874134494,hotel_id_468
73.84122562674095,109.72928831443295,69.36337683523587,hotel_id_469
69.45689655172414,47.79928947629938,63.2265187748036,hotel_id_470
155.07093184979138,44.990783392284996,142.9976695881271,hotel_id_471
46.35538752362949,4.093157472647077,46.92450613204027,hotel_id_472
259.3564493758669,770.2658229311169,201.58473850894418,hotel_id_473
178.33333333333334,224.96935407826507,151.73031570939753,hotel_id_474
104.79518072289157,26.56837240397047,100.804095563141,hotel_id_475
123.06439393939394,23.42658559024783,113.25295086467133,hotel_id_476
84.56156501726122,15.172760681539788,82.60881603234613,hotel_id_477
106.22401847575058,107.70235886208563,98.3862891707986,hotel_id_478
151.33333333333334,136.5199485199484,126.53355811438428,hotel_id_479
72.64895635673625,15.984899098852049,69.68474408053247,hotel_id_480
97.55799755799755,15.369187183368116,94.11255831139502,hotel_id_481
80.99263622974964,7.614989942697284,78.63961800513725,hotel_id_482
95.78370786516854,13.328679340697514,91.45009198423095,hotel_id_483
136.62659123055164,89.54875366128287,120.83257695343474,hotel_id_484
76.78969359331477,61.95152542899644,72.24188685030852,hotel_id_485
181.65229485396384,323.293974531324,152.44484988452888,hotel_id_486
170.68986568986568,43.6567553609118,157.56657009137692,hotel_id_487
181.21428571428572,50.13506493506492,89.35331010452954,hotel_id_488
277.9018691588785,1611.5079121889275,168.18433024431488,hotel_id_489
127.7181964573269,160.71561996779377,112.30915987950513,hotel_id_490
162.9941690962099,288.35084309413,107.31219179121415,hotel_id_491
117.99770114942528,27.300339933600593,112.1268640680752,hotel_id_492
168.9590361445783,232.02244539073106,149.09071800908197,hotel_id_493
206.14320388349515,186.9551118512744,152.31031052369855,hotel_id_494
287.66436781609195,3692.513228311046,199.0435414560143,hotel_id_495
75.03621169916434,74.14652509877511,70.98885407570943,hotel_id_496
248.91819291819291,1216.520194285474,192.04886529330295,hotel_id_497
113.85346215780999,705.7930081554209,92.23371293731398,hotel_id_498
202.25316455696202,2363.502654144549,152.3324749347615,hotel_id_499
68.135103926097,6.863806752192691,67.35127818214025,hotel_id_500
83.19544592030361,65.81534043765922,75.84660627366081,hotel_id_501
92.76972624798712,84.35817879590668,85.30620649651905,hotel_id_502
225.87922705314008,2949.9708742402977,145.58791570629046,hotel_id_503
174.6451612903226,351.5069299644297,138.0874183976272,hotel_id_504
107.62168674698795,26.568407284142587,103.24282600799248,hotel_id_505
140.44444444444446,237.05895137191004,124.78520071899557,hotel_id_506
124.73637702503682,67.51594614672804,111.84518175672248,hotel_id_507
259.0952380952381,4348.4359063918955,175.13453473132256,hotel_id_508
90.84779516358464,11.297313507839812,87.21511068334866,hotel_id_509
321.4380264741276,4427.735612486043,203.74193352741239,hotel_id_510
183.02413273001508,1190.0537973962555,142.12728874055742,hotel_id_511
214.88994307400378,1754.5239861184243,139.86380770548942,hotel_id_512
75.77190542420028,12.995254163745038,73.52299515891322,hotel_id_513
286.47338403041823,1089.7011950027152,192.37669912761297,hotel_id_514
340.16265060240966,5039.899930239649,223.41605035405132,hotel_id_515
244.59098228663447,2883.8904991948452,161.1189965062937,hotel_id_516
140.280385078219,1105.4983979238264,112.72770275425557,hotel_id_517
161.65689865689865,1392.06428914742,129.03193005431024,hotel_id_518
218.83460076045628,648.058305268876,159.55646535143327,hotel_id_519
84.18518518518519,12.66403823178014,81.030233262647,hotel_id_520
78.89583333333333,78.24909076533818,72.03192279138766,hotel_id_521
162.10586881472958,1548.5763364850711,129.3486355058805,hotel_id_522
99.12560975609756,143.86576580600973,92.06339686347751,hotel_id_523
244.15082956259428,3154.587487981482,161.25576155275377,hotel_id_524
111.58708189158016,448.95632253716616,97.65238265286034,hotel_id_525
299.25763358778624,2302.8608402784894,169.41228748068056,hotel_id_526
140.96535796766744,210.95602397575743,126.34060101257792,hotel_id_527
369.10840438489646,5621.1089658655355,234.48105046026942,hotel_id_528
250.76146788990826,2584.1576518264205,117.17320780399314,hotel_id_529
100.79607250755286,16.362284097609102,96.2048424506416,hotel_id_530
192.30853658536586,255.52984156764597,163.74085190362712,hotel_id_531
283.04761904761904,4606.126091512396,190.28698601102005,hotel_id_532
167.54911433172302,1810.922180665941,123.22668102641096,hotel_id_533
325.2783505154639,2845.3524780100324,221.37427933792023,hotel_id_534
146.7703927492447,40.96686792418327,134.40471770230576,hotel_id_535
113.11805555555556,136.14320622778536,101.5344836037456,hotel_id_536
174.22531293463143,348.0689405356406,145.2920585401684,hotel_id_537
118.7277970011534,45.18448047606503,112.30929074360479,hotel_id_538
321.4390243902439,2939.6849221239504,205.82037192263346,hotel_id_539
293.1679389312977,665.050136470451,198.07244223577106,hotel_id_540
147.97682926829268,496.6014160636104,119.62734490542756,hotel_id_541
65.4679245283019,8.725812319435072,64.33498955857932,hotel_id_542
197.12813370473538,1994.321076288933,142.63149072041648,hotel_id_543
64.92075471698114,9.661005100403038,63.8129185569231,hotel_id_544
130.0144927536232,119.64656381486681,114.29789133102815,hotel_id_545
99.2002442002442,130.86694370557478,91.72154813568397,hotel_id_546
197.16829268292682,371.585806605319,168.17575083426087,hotel_id_547
275.6349397590362,5121.800225267769,176.91252802604356,hotel_id_548
106.8262839879154,21.314709014538987,100.7336764952721,hotel_id_549
75.23226703755216,20.52675683109854,73.01257629972568,hotel_id_550
59.7536231884058,6.302103786816265,59.10209117265989,hotel_id_551
95.73816155988858,15.638457982230259,90.99164634462694,hotel_id_552
99.60491493383743,21.485657615856134,94.88527832721039,hotel_id_553
46.40264650283554,3.8129475282121827,46.970404641256685,hotel_id_554
154.85933147632312,207.91742326235527,133.49649056246045,hotel_id_555
180.9072039072039,41.12829767353003,165.0884479717826,hotel_id_556
112.86369119420989,14.533329836890944,108.17405336606349,hotel_id_557
98.64902186421173,84.14971390389938,92.0928204263935,hotel_id_558
251.75365853658536,2770.928252777033,183.84397865045318,hotel_id_559
169.1887871853547,310.6435854689751,147.07204939631228,hotel_id_560
63.87630057803468,6.948801113251972,63.81202097619936,hotel_id_561
280.95,3224.045115995112,194.8743321796967,hotel_id_562
183.75938803894297,245.4503817976834,154.1942725173232,hotel_id_563
93.87456846950518,10.261898575087624,90.91332256233424,hotel_id_564
289.7824773413897,527.4352144283818,219.09147835556718,hotel_id_565
182.94993045897078,1623.459885092648,139.6184155254999,hotel_id_566
87.79010856453559,80.06700349061514,83.25445349565851,hotel_id_567
82.0402576489533,10.77740896576801,79.48461022734129,hotel_id_568
132.88734353268427,829.7407727383677,107.10919133893198,hotel_id_569
106.67430639324488,30.951766577507314,102.34310650484228,hotel_id_570
365.31128848346634,8857.383582470346,226.52890539286128,hotel_id_571
227.74878048780488,489.3898031507792,188.30094369801623,hotel_id_572
334.0630733944954,2773.891539567507,216.69288566780048,hotel_id_573
64.06603773584905,8.666708278346507,63.22047983812627,hotel_id_574
88.71560693641618,13.699119567544434,86.74452554744566,hotel_id_575
220.6344827586207,367.9283837942946,185.0699541284397,hotel_id_576
183.84994272623138,234.03364965267934,159.9535360706826,hotel_id_577
111.37051039697542,119.18064386778936,99.34354079671174,hotel_id_578
84.5679190751445,16.309417950026397,81.23584956856716,hotel_id_579
135.2408256880734,162.54583996039577,122.5961388695354,hotel_id_580
150.09770808202654,25.641407784246216,140.43654188948557,hotel_id_581
208.43129770992365,501.0182155211426,155.66056703942328,hotel_id_582
71.7913769123783,10.279535566652896,69.93832761804202,hotel_id_583
378.63283922462944,8363.85590665563,233.77873031882262,hotel_id_584
75.81182147165259,8.851019504321043,74.59716758457834,hotel_id_585
209.84166666666667,3408.008275382479,144.52519049243804,hotel_id_586
153.81302774427022,24.29470929995405,143.55444884165848,hotel_id_587
174.77201447527142,43.4153511302248,160.76772154676885,hotel_id_588
60.368760064412236,5.507345072983221,59.69119733514216,hotel_id_589
85.94517958412098,20.442064787764277,82.1239050579253,hotel_id_590
288.54938271604937,1650.0439254298042,206.27885163269727,hotel_id_591
316.9223484848485,5197.627734891608,170.6497608043463,hotel_id_592
57.46376811594203,4.2523141654978875,57.08167306026418,hotel_id_593
318.6879518072289,8362.926633918061,203.4319390937426,hotel_id_594
179.76975945017182,357.3012862952799,156.44113122707452,hotel_id_595
175.95482295482296,34.85003477912991,160.96531306614978,hotel_id_596
196.08884688090737,2429.884136735982,129.7723826983118,hotel_id_597
139.13851992409866,37.6784943831575,124.43757948992578,hotel_id_598
104.49482163406213,17.275606794185805,101.42222514581542,hotel_id_599
63.358381502890175,8.549654784842641,63.033156321120266,hotel_id_600
82.14366729678639,415.6081084951604,69.43881882881699,hotel_id_601
113.86551724137931,30.519292885202994,108.72232532044532,hotel_id_602
301.25060240963853,3171.5873036173693,212.06754752595194,hotel_id_603
123.32289156626506,128.70623047073678,112.76710189563357,hotel_id_604
173.9098228663446,1260.3015323879258,129.63531478492237,hotel_id_605
223.24308755760367,576.4079683106633,185.082070898348,hotel_id_606
128.82608695652175,92.3051893408135,113.57912401409685,hotel_id_607
95.82041587901702,88.33700664489895,86.84077630783631,hotel_id_608
162.59411764705882,681.6915173928107,119.20146582580598,hotel_id_609
75.40695915279879,9.220496951359289,73.65416522640788,hotel_id_610
201.25243902439024,334.55768635158995,171.27929446591605,hotel_id_611
210.12988505747126,569.0521553377498,176.33620030581002,hotel_id_612
227.56259426847663,2221.29781319918,157.71887566850555,hotel_id_613
88.90459770114943,13.030013359258218,86.38829391965776,hotel_id_614
102.34219653179191,100.5355437807753,95.23856774901945,hotel_id_615
189.69230769230768,345.72428060936505,162.15880821521637,hotel_id_616
350.53767123287673,5039.506007827794,218.83093800493296,hotel_id_617
106.22196531791907,94.99234104046256,98.78119326099024,hotel_id_618
123.56170703575548,35.80074904571249,116.807616348963,hotel_id_619
175.83735909822866,1740.6912472079346,126.92219974250669,hotel_id_620
75.18497913769124,11.117545647196534,73.15647586388747,hotel_id_621
162.50305250305252,1862.31142098868,126.36050133213463,hotel_id_622
195.71658615136877,641.9905147784536,146.0490648646096,hotel_id_623
243.7319391634981,2234.6537208039094,145.11538807042928,hotel_id_624
191.33267716535434,413.8042949882747,137.56329504062882,hotel_id_625
141.17069486404833,1120.4473698643928,109.18704770684612,hotel_id_626
106.12168674698795,16.63776795965528,102.05665529010352,hotel_id_627
152.73100120627262,24.617165783814983,142.86858288770307,hotel_id_628
88.49136939010357,11.83316275394676,85.99054787327191,hotel_id_629
153.555421686747,42.25928902582594,143.01932367150016,hotel_id_630
83.95871559633028,9.872002022351205,81.8702683801033,hotel_id_631
82.97584541062803,22.891351098644286,79.89269918206533,hotel_id_632
136.43071593533486,248.20617682788406,122.08789372886419,hotel_id_633
87.83889528193326,13.598439331187407,85.37025205671313,hotel_id_634
131.21148036253777,825.083801436074,104.17791643032801,hotel_id_635
96.92200557103064,15.388608524376147,92.09422508172035,hotel_id_636
63.59056603773585,8.094806862360455,62.76521173579935,hotel_id_637
157.56951219512194,32.97806813782435,147.2138194913373,hotel_id_638
202.45351043643265,2578.5182718739406,127.55875526926675,hotel_id_639
185.71100917431193,354.95886832597773,160.90726028474845,hotel_id_640
128.78720445062586,879.421228803546,103.85245249668705,hotel_id_641
74.7009735744089,20.42717175278272,72.51005051568022,hotel_id_642
76.36432637571157,10.57423828110911,72.90166019074466,hotel_id_643
69.79108635097494,7.660617786117476,68.21312430485605,hotel_id_644
162.62758620689655,55.98773064560929,150.36038306451786,hotel_id_645
107.82175226586102,15.344881645040276,101.6554579533374,hotel_id_646
142.6315789473684,102.83700704753339,124.7641889238036,hotel_id_647
60.91329479768786,4.6700738723860145,59.71605299758375,hotel_id_648
162.27599243856332,902.927471787822,123.50852951211267,hotel_id_649
74.23333333333333,13.628372739916509,72.07315150559603,hotel_id_650
105.9025069637883,108.90540514290821,96.0621185809976,hotel_id_651
127.67366412213741,487.1762840628778,95.9110471026767,hotel_id_652
104.75287356321839,166.30762860644617,83.632285379695,hotel_id_653
173.83252818035427,1700.2428756947677,126.05907621247273,hotel_id_654
299.71102661596956,2655.2153829440563,164.42733979938703,hotel_id_655
127.69275028768699,294.98728609079797,112.41194077503496,hotel_id_656
206.16024096385541,2067.020130219309,159.2365412979351,hotel_id_657
170.20338983050848,214.10054404687216,144.2772067558513,hotel_id_658
198.4144645340751,1584.0758907644113,141.12812977548032,hotel_id_659
167.0289156626506,192.8363160724932,147.40709601479924,hotel_id_660
117.58823529411765,160.42082814999117,104.42200674536302,hotel_id_661
230.5142857142857,3084.0935456110165,154.87417351232295,hotel_id_662
155.9402985074627,44.5688454280323,146.98525136799122,hotel_id_663
383.8856447688564,9389.129416088033,227.46939009696567,hotel_id_664
65.765595463138,33.073738328464245,62.621198349995886,hotel_id_665
81.60876132930514,13.327789991361625,78.8969195664568,hotel_id_666
123.26570048309179,156.0954184198224,109.04919228180424,hotel_id_667
109.96378830083566,107.77274546139732,99.43733914076475,hotel_id_668
252.5609756097561,2483.680038119069,177.36351893398495,hotel_id_669
79.14170692431561,13.425048049451972,76.51336898395654,hotel_id_670
138.32869080779943,35.398087823374404,127.10387643852371,hotel_id_671
243.25475285171103,3299.035929748325,150.11983240223645,hotel_id_672
161.7686274509804,290.93260911437267,123.05706201367664,hotel_id_673
130.117994100295,82.90481605904901,115.69024856596664,hotel_id_674
102.09365558912387,16.514664679991398,97.41969791254132,hotel_id_675
83.25693606755127,92.16699591498974,79.04936890162007,hotel_id_676
205.84369449378332,2220.441717287282,134.36406651966354,hotel_id_677
81.98394863563404,16.05761975298444,78.97475083056409,hotel_id_678
152.87315634218288,24.172956344797235,140.60658987409766,hotel_id_679
151.3546441495778,32.103544227082416,140.98171976218194,hotel_id_680
161.01166666666666,149.20019755147504,134.42810008248696,hotel_id_681
144.37915407854985,37.47629701404532,132.2438025554235,hotel_id_682
89.79672897196262,13.572167261266378,84.76921084441312,hotel_id_683
84.56091954022989,14.131497427350714,82.25860034095396,hotel_id_684
284.36417322834643,2616.3582405379793,151.7028368794336,hotel_id_685
98.89275766016713,213.16700465806534,89.60141556127498,hotel_id_686
124.597423510467,185.6796062542205,109.3075938803898,hotel_id_687
89.27838827838828,16.311158279373405,86.2826659276709,hotel_id_688
88.34682080924856,14.895779811603498,85.83355309423386,hotel_id_689
222.35164835164835,508.0717912893955,184.19752145664523,hotel_id_690
89.68376068376068,22.527009800848454,86.66602004526364,hotel_id_691
300.8205128205128,4583.159578588584,192.78530270436318,hotel_id_692
250.6872180451128,168.70322492979466,208.41859772738582,hotel_id_693
139.3607242339833,120.07750686666459,124.34838235294278,hotel_id_694
196.99878048780488,386.6825381935139,168.0325876488285,hotel_id_695
96.42896935933148,17.65394342723278,91.63503346650735,hotel_id_696
143.34642032332565,209.3249409283272,128.18890835744506,hotel_id_697
217.0,389.14041514041526,180.90762534257604,hotel_id_698
121.91176470588235,106.58187599364068,103.07488986784081,hotel_id_699
180.07347876004593,54.861261332594424,167.34691378873683,hotel_id_700
71.00972222222222,8.421323983928277,69.7422078266865,hotel_id_701
174.20374707259953,258.1954788842343,126.30452011552165,hotel_id_702
162.66992665036676,84.83931396519486,130.2895510835909,hotel_id_703
109.20965309200604,18.613078882494214,102.95211755503412,hotel_id_704
140.46029919447642,128.26944737581744,126.70274365274604,hotel_id_705
122.76385542168674,97.13596581743116,112.50304294905409,hotel_id_706
322.1465201465202,937.6606571912208,248.10561932179115,hotel_id_707
176.6712485681558,287.48239488424383,153.77379402832105,hotel_id_708
136.79506641366223,39.68796040432639,122.77353928811281,hotel_id_709
105.81960784313725,97.83772872606814,92.80051323608798,hotel_id_710
140.35653235653237,113.08788820524762,127.37939325057047,hotel_id_711
198.24305555555554,2650.1731088703473,137.12016285529594,hotel_id_712
235.58496240601505,2660.0684482290053,158.25225405730382,hotel_id_713
73.19471488178026,7.767047237535854,71.26911105249204,hotel_id_714
165.27734976887518,280.1204892617319,140.504660314832,hotel_id_715
142.52258852258853,141.63610282681168,127.67721191195733,hotel_id_716
298.3770114942529,4677.36057563853,201.11234260028746,hotel_id_717
148.37001897533207,218.97119068404956,122.1611052858821,hotel_id_718
201.5568181818182,2982.4331982059703,126.2119802677956,hotel_id_719
399.98312883435585,10299.79541385128,216.8279388403479,hotel_id_720
69.12240184757506,7.883266363187283,68.29992898988036,hotel_id_721
184.93119266055047,389.6875678066969,159.31756149063523,hotel_id_722
85.31149425287356,25.630132402153308,82.97219915198693,hotel_id_723
298.67951807228917,2336.587155376637,208.54711998127723,hotel_id_724
177.6453407510431,374.3378299324733,148.11240078910177,hotel_id_725
311.1560975609756,1330.7692545936443,239.76094427013092,hotel_id_726
125.06204379562044,23.346937596130747,118.54237057220888,hotel_id_727
255.6013888888889,683.3888715036308,198.2088499358697,hotel_id_728
280.0942528735632,3714.6769519728086,195.04896349993464,hotel_id_729
186.25301204819277,539.2088898580757,152.6225392017999,hotel_id_730
181.41726618705036,259.943793668236,152.426924364926,hotel_id_731
181.2064393939394,306.55881993559865,143.69410436229768,hotel_id_732
120.35334872979215,863.0310696979001,102.7743537995827,hotel_id_733
136.73302646720367,149.78809002349237,123.63489393131408,hotel_id_734
157.27898966704936,1564.7071327711549,125.38163080817394,hotel_id_735
210.56142365097588,424.2671998099698,177.72693755280707,hotel_id_736
146.54571843251088,40.2947817868836,135.76111877720155,hotel_id_737
131.3429228998849,197.27627762192904,118.11754629252194,hotel_id_738
229.9388888888889,2632.535898624636,158.82881168905325,hotel_id_739
125.05152979066023,155.16830813983682,110.30116909996123,hotel_id_740
184.38646788990826,237.3005284972457,160.08011191236218,hotel_id_741
332.857634902411,6534.579708882646,217.08712482134328,hotel_id_742
165.58192771084336,192.0023267981459,146.14490499411662,hotel_id_743
175.6478260869565,42.428768852148764,157.87565701329714,hotel_id_744
106.28072289156627,18.752221430959032,101.97943152924195,hotel_id_745
157.53030303030303,54.36720142602461,138.87018469657065,hotel_id_746
163.43021914648213,308.8019956794016,143.07283684546778,hotel_id_747
231.4052812858783,3672.2757881679117,162.44777980243506,hotel_id_748
116.00759013282732,118.34214760355276,100.7338777626541,hotel_id_749
111.2575210589651,29.458904208893347,105.50345384408494,hotel_id_750
249.83079056865463,752.9741061796886,195.46616994702592,hotel_id_751
324.22141997593263,5839.632841836657,214.08457334217786,hotel_id_752
149.62990936555892,46.31214492369426,136.25966760808325,hotel_id_753
250.40524781341108,799.8148261810999,151.76604249947462,hotel_id_754
80.3595166163142,12.424258767499701,77.71751283513906,hotel_id_755
231.01260022909509,1448.03539151087,166.45258126820875,hotel_id_756
147.34676434676436,232.1045463637148,130.55972667093974,hotel_id_757
59.88244766505636,5.816804321853391,59.405024130676246,hotel_id_758
197.27677329624478,1732.3787216073072,143.35445520775096,hotel_id_759
223.3301204819277,2321.454218320809,167.23679032661917,hotel_id_760
141.4102564102564,218.90972352830457,126.1606498194968,hotel_id_761
169.67349397590363,177.39507462903478,149.4061752737358,hotel_id_762
107.91098748261474,177.6578038981719,96.92437180997297,hotel_id_763
64.80963855421686,12.333240207205625,62.90728296403865,hotel_id_764
58.45410628019324,4.967648433847597,58.0329785917578,hotel_id_765
392.5827250608273,7953.001065402995,235.24206464341776,hotel_id_766
182.02405498281786,260.640475740093,158.381729972785,hotel_id_767
295.5528735632184,5290.334945703225,198.02628760289923,hotel_id_768
79.61397670549084,10.254070992789753,76.11308451841207,hotel_id_769
277.55799755799757,4732.777500141802,186.62180845860226,hotel_id_770
394.0316301703163,9487.806550079875,234.10897583429332,hotel_id_771
321.18536585365854,895.980249560737,246.53814663192964,hotel_id_772
79.11559888579387,60.15816637723727,74.37558133592205,hotel_id_773
202.15716272600835,1597.943232050084,147.1546143665034,hotel_id_774
80.22390317700454,8.752821711823175,77.58291916595189,hotel_id_775
162.31494252873563,35.44039786780952,150.074764784948,hotel_id_776
168.91927710843373,335.50734808958464,148.14058909546864,hotel_id_777
109.55180722891566,14.158350167860831,105.06129676716435,hotel_id_778
224.66103739445114,2634.7243375698545,160.83559345250274,hotel_id_779
282.47235023041475,5309.601310733023,191.7660473497776,hotel_id_780
71.4673157162726,6.884375932217798,69.63102083882809,hotel_id_781
317.37931034482756,2843.3749454386693,228.30194260920908,hotel_id_782
97.11821471652594,59.61644318572519,91.30668326737583,hotel_id_783
109.47963800904978,19.917636122541087,103.20214549111638,hotel_id_784
249.06300114547537,2128.382494193806,187.15461346633282,hotel_id_785
298.0610263522885,6101.901826167359,183.06970209884793,hotel_id_786
117.1288056206089,434.5819617156492,82.92713633398515,hotel_id_787
109.96907216494846,13.578688075905477,104.11507479861932,hotel_id_788
73.78034682080924,47.919289231427975,70.91946308724762,hotel_id_789
370.1459521094641,8244.663605171232,229.51087292879973,hotel_id_790
108.51616628175519,267.83153025671163,94.44458045409813,hotel_id_791
85.1150747986191,16.071995990942533,83.49691031073466,hotel_id_792
170.38929440389293,68.6424187463513,156.66038570417734,hotel_id_793
251.19001610305958,3861.50254532232,159.1928872326643,hotel_id_794
167.75977011494254,47.35419097125772,155.0489331317219,hotel_id_795
145.54178272980502,232.13981383278377,126.74279559598068,hotel_id_796
137.566168009206,216.020098317363,123.38527292709963,hotel_id_797
293.14269275028767,4862.601735137065,198.43096350861796,hotel_id_798
41.111111111111114,2.1761006289308233,36.45517241379312,hotel_id_799
94.49509116409537,12.359877554879679,90.25259842519647,hotel_id_800
229.38855421686748,2554.5848461720198,157.13527004910065,hotel_id_801
84.9054820415879,14.180443375150354,82.00414019558788,hotel_id_802
323.9782110091743,1966.3979173469302,233.92437860082237,hotel_id_803
151.28969359331475,220.8727248711169,130.45774447500898,hotel_id_804
179.10365853658536,407.5167143154958,153.53898655636124,hotel_id_805
265.11686746987954,202.6895824552728,228.26612571051837,hotel_id_806
334.5746987951807,5532.9757161335265,216.42941267627376,hotel_id_807
365.96907216494844,7337.791473564736,228.11351627748533,hotel_id_808
324.76746987951805,6269.710641359155,210.12226871222552,hotel_id_809
135.625,1335.0793740573145,104.32628357390935,hotel_id_810
104.35714285714286,12.451948051948055,69.71615925058549,hotel_id_811
199.24420024420024,260.270366688459,169.21284810646563,hotel_id_812
114.91787439613526,17.327115474520806,107.69996438746433,hotel_id_813
185.84528301886792,2233.2954881050055,127.14833171529422,hotel_id_814
194.05293005671078,2037.7699203757807,130.6588205645174,hotel_id_815
78.2739916550765,57.8147961614902,73.61198448346197,hotel_id_816
238.28293241695303,1934.8200868039144,173.59627863858987,hotel_id_817
178.61050061050062,46.18184559260341,163.01503527337005,hotel_id_818
121.05314009661836,18.96330060776065,114.01665671641815,hotel_id_819
172.3558776167472,1214.8779855591908,128.78951125493904,hotel_id_820
109.48313253012049,19.306711526443394,104.99659462404776,hotel_id_821
172.6232718894009,1026.855605430028,134.49506532235262,hotel_id_822
255.00229621125143,3832.278155640901,179.71844285989454,hotel_id_823
276.75521557719054,3499.703228330905,185.61394538920305,hotel_id_824
180.13516609392897,240.55969082673911,157.6698801872578,hotel_id_825
200.48717948717947,64.609554259921,182.76481481481528,hotel_id_826
84.33333333333333,10.64069264069262,65.04522613065329,hotel_id_827
115.5958429561201,25.95669946201391,111.0226836503245,hotel_id_828
199.19756097560975,219.28448732838962,169.88958925555193,hotel_id_829
91.91884057971015,12.367859321427833,87.88722457397085,hotel_id_830
102.92141756548536,118.49227206148123,93.07558934529303,hotel_id_831
145.61859582542695,220.2211744504007,120.28878990348959,hotel_id_832
148.37915407854985,28.178263731140678,135.85852353391004,hotel_id_833
94.24420024420024,11.275256664009698,90.97875386818204,hotel_id_834
103.2291917973462,13.749340046502681,100.43980649619999,hotel_id_835
142.78235294117647,120.5713972032821,115.45701951951958,hotel_id_836
347.2409812409812,6517.281439498192,206.9617884510111,hotel_id_837
155.38022284122562,198.7603893505508,133.93991273831173,hotel_id_838
180.4171686746988,267.7005192716569,147.89023496654013,hotel_id_839
103.96662030598053,29.49192045591023,98.41479299116165,hotel_id_840
86.7054085155351,23.00989006909791,84.29266584981652,hotel_id_841
382.58171428571427,5164.131473030408,239.61971229169794,hotel_id_842
318.8262411347518,6640.598528652228,175.23869667971,hotel_id_843
382.22141119221413,9330.854693255815,227.44743741177223,hotel_id_844
275.18142235123366,3996.189421811183,181.58086724990432,hotel_id_845
237.8595166163142,3428.257087814399,158.27935077364873,hotel_id_846
85.23815028901734,12.383033611646349,83.59904238340148,hotel_id_847
222.7628398791541,3520.9073613631303,147.45125480712147,hotel_id_848
190.3992673992674,410.34039066068453,162.75697342865493,hotel_id_849
206.5402777777778,2762.677095889357,143.06972400122083,hotel_id_850
88.90563866513233,18.161592592788985,86.38438648696001,hotel_id_851
48.61915887850467,3.931903740506476,48.57705771474682,hotel_id_852
176.83021582733812,359.5993738726596,148.61407453475806,hotel_id_853
309.18446601941747,4542.639536138072,191.1252385496171,hotel_id_854
261.7704160246533,3345.6894938081464,172.20113485452154,hotel_id_855
73.46589018302829,7.3592512479200805,70.80749765698151,hotel_id_856
101.00346420323325,112.6092365403355,94.0256031719262,hotel_id_857
250.0493119266055,3083.149115484677,179.99485616931915,hotel_id_858
136.40986717267552,34.729027929091366,122.43270651443919,hotel_id_859
141.40877598152426,195.68935641912205,126.73256573575283,hotel_id_860
196.74621212121212,805.5559628543502,143.74538280265395,hotel_id_861
72.32452830188679,60.109983236437515,68.22889227783106,hotel_id_862
365.594070695553,9223.517681698193,226.70332236194446,hotel_id_863
147.31710709318497,248.50933089520151,127.1022689593121,hotel_id_864
285.7573170731707,97.70537985050187,251.62990614334288,hotel_id_865
385.0343347639485,9648.262429750252,217.4719747885636,hotel_id_866
148.0825958702065,33.786373162878135,136.25620144655934,hotel_id_867
232.4421534936999,3158.2584045314584,171.04068873286425,hotel_id_868
390.62287104622874,8237.441035352396,234.07352173156258,hotel_id_869
71.97459584295612,9.250220934734072,70.73283252319857,hotel_id_870
86.41204819277108,20.378115359990677,81.0949938085966,hotel_id_871
97.2039072039072,13.663749996268333,93.7777007990399,hotel_id_872
213.4618937644342,154.25808380835383,190.04457846053504,hotel_id_873
214.34492350486786,2886.36275622673,148.63831332670767,hotel_id_874
107.7190332326284,16.628956401314493,101.56034241593463,hotel_id_875
138.08669108669108,186.59027497902753,124.28294036061239,hotel_id_876
82.30815709969788,9.805046825509267,79.55721620079792,hotel_id_877
107.93132530120482,27.402998241457922,103.53455321467611,hotel_id_878
113.83574879227054,20.24071996259935,106.70281339031327,hotel_id_879
124.71686746987952,117.61937738892826,114.02181928599495,hotel_id_880
156.63607085346214,652.641535504649,125.98904978764911,hotel_id_881
214.55977011494252,398.2720275650436,181.37825450623893,hotel_id_882
130.9224952741021,690.7648149739351,101.05641173087962,hotel_id_883
212.85632183908046,496.9494133830664,179.2746143810908,hotel_id_884
177.2537313432836,143.0378452564758,154.2259415879549,hotel_id_885
136.58660508083142,856.1803521606228,113.39535762891495,hotel_id_886
122.43478260869566,169.07194950911645,107.73340399419867,hotel_id_887
212.81566820276498,157.8183470731748,186.91874548808815,hotel_id_888
178.76949541284404,360.4209742571542,155.55523531269827,hotel_id_889
79.81226053639847,9.826490465579758,76.0604419101918,hotel_id_890
116.63691194209892,100.02380494513515,108.8201620401131,hotel_id_891
235.57882069795428,2182.2922737882914,175.76823621598436,hotel_id_892
226.80121951219513,373.8590949700706,189.3795178290187,hotel_id_893
302.3384030418251,1212.083360492487,186.71662544911626,hotel_id_894
266.14484679665736,1529.7614169221063,190.58579858223376,hotel_id_895
57.410628019323674,4.6940158952781665,56.85824440194865,hotel_id_896
316.2319444444444,5360.729158939877,193.7307197943432,hotel_id_897
92.7960927960928,25.89113385934902,89.81256365151408,hotel_id_898
94.56385542168675,96.45907688725902,83.85120991375642,hotel_id_899
226.87789987789986,612.8481540193023,186.8129659901914,hotel_id_900
296.24050632911394,4801.8487720935655,199.9076125528416,hotel_id_901
193.10481927710845,458.6247053352132,165.7152507676567,hotel_id_902
89.96317606444188,13.148412020808934,87.3897689480138,hotel_id_903
109.60322952710496,91.67610965048989,101.47006000587618,hotel_id_904
150.97912713472485,282.4615406815247,124.65806731007227,hotel_id_905
139.40389972144845,37.973318104295444,127.76204622123925,hotel_id_906
140.47214484679665,28.765610734917665,128.7275061678683,hotel_id_907
421.05115712545677,7317.633965122841,249.2551316280557,hotel_id_908
67.71709006928407,7.299060193034179,66.94962719687484,hotel_id_909
87.70689655172414,13.307547319550904,85.24959566376748,hotel_id_910
137.56436781609196,369.46363107284145,121.942256690511,hotel_id_911
166.7425287356322,50.79669325291324,154.1196236559155,hotel_id_912
158.67270194986074,128.47431653865726,136.42569198012978,hotel_id_913
57.6634460547504,4.591387460391659,57.1003639504034,hotel_id_914
60.98360655737705,5.949726775956279,48.82451678535099,hotel_id_915
121.6357056694813,227.2463564156801,109.37322801024938,hotel_id_916
327.4055354993983,4494.655824743004,215.8402939877598,hotel_id_917
288.87992125984255,1593.49048362298,182.439346043664,hotel_id_918
76.58850226928895,10.291019117040308,74.35918881759784,hotel_id_919
105.13293051359517,16.86278686051985,99.43828545780949,hotel_id_920
87.83112183353438,73.64535876412394,83.29249843344385,hotel_id_921
290.992673992674,3747.9877213251325,195.59154791795578,hotel_id_922
52.470699432892246,23.45794666895801,51.02757496278386,hotel_id_923
163.01206636500754,307.50740705299177,137.3593208419167,hotel_id_924
117.10361445783133,163.61771912741455,107.85689339037964,hotel_id_925
186.04696449026346,101.18242483474647,169.37389581441482,hotel_id_926
220.1161387631976,1993.5499355215009,153.85212121212237,hotel_id_927
83.07703927492447,13.696022688318989,80.05933215768745,hotel_id_928
323.37638888888887,4860.043113506409,198.40945282059835,hotel_id_929
120.61070559610705,30.169824349274382,114.13421541529006,hotel_id_930
233.83836858006043,3044.952655730812,155.62541872707044,hotel_id_931
133.42200557103064,36.83560991907632,122.96245509285173,hotel_id_932
152.72496984318457,24.105426478558154,142.8630124777209,hotel_id_933
74.65555555555555,13.324864781332202,72.47254190971606,hotel_id_934
69.14020618556701,55.33567351111864,64.10544318857764,hotel_id_935
139.24480369515013,212.61514637760408,124.57047390082138,hotel_id_936
238.8020594965675,2087.157796440898,180.1592808219167,hotel_id_937
125.05231143552311,19.111754699479317,118.53328792007446,hotel_id_938
163.02612481857764,267.1737351064906,138.24419905628451,hotel_id_939
168.8446455505279,218.25226358263524,142.56657266593,hotel_id_940
67.56004618937645,10.74147699208376,66.7987306941232,hotel_id_941
250.59012629161882,3881.9364081449517,175.80253188836542,hotel_id_942
219.02851711026616,1333.227756653991,135.28859404096985,hotel_id_943
261.5257301808067,511.14940667361435,203.98638986992805,hotel_id_944
166.20843373493975,342.52706992021274,145.79047420096288,hotel_id_945
261.1425287356322,4252.746060341515,182.22717574753855,hotel_id_946
147.9693593314763,277.58343919845527,126.74760985258976,hotel_id_947
224.93463302752295,1380.0359059501325,164.43279811176416,hotel_id_948
326.3777267508611,2913.9755493091543,220.9448376031393,hotel_id_949
78.51529790660226,16.417910757882723,75.92239912493856,hotel_id_950
88.9144927536232,13.30907847962816,85.30146378625386,hotel_id_951
97.38695652173914,12.911005237584371,93.0063497232168,hotel_id_952
126.46518105849582,814.2240300229588,102.87081083493356,hotel_id_953
126.85979381443299,137.98443384169738,107.89113766664302,hotel_id_954
68.88244766505636,53.58454625733718,65.27949905033175,hotel_id_955
92.21578099838969,43.91465378421899,85.04909545692446,hotel_id_956
62.86319845857418,5.214839943163628,61.34799416484257,hotel_id_957
238.42002442002442,350.84292371578357,197.39235581936236,hotel_id_958
215.33211233211233,301.9311313516693,181.64602131221162,hotel_id_959
332.5686746987952,5557.3384626564075,218.4569630212421,hotel_id_960
215.9609756097561,556.4673397063643,180.4054436053789,hotel_id_961
144.48357664233578,35.63227091367644,129.7385540610455,hotel_id_962
129.25429553264604,162.8274614584319,117.49690230993524,hotel_id_963
144.9503464203233,166.8749883191601,129.60388737215519,hotel_id_964
149.8595825426945,262.0562910801509,122.99981552084658,hotel_id_965
75.33239831697054,69.7812101107838,71.2229631927206,hotel_id_966
78.28347406513872,12.222685500836162,76.79377539711795,hotel_id_967
138.46037735849058,1031.2999393658383,103.62983179235836,hotel_id_968
81.72496984318455,21.987068990635393,79.90651923519891,hotel_id_969
308.60068649885585,2495.669690249831,203.67844279024968,hotel_id_970
167.84698795180722,318.0332538840526,147.51297831365835,hotel_id_971
95.1668584579977,101.64378516542668,89.27403113894138,hotel_id_972
176.35042735042734,42.308590892943045,161.67327960322535,hotel_id_973
124.2701030927835,183.9000340802592,105.72218000966987,hotel_id_974
165.82738780207134,64.25818913630265,151.70555185616936,hotel_id_975
82.55555555555556,10.789247311827989,79.73407875546843,hotel_id_976
113.97583081570997,24.553121472089828,107.0604843209466,hotel_id_977
325.86324786324786,720.6927674335982,250.95079822035945,hotel_id_978
166.09516616314198,307.7897194125893,139.89100694095345,hotel_id_979
115.1288837744534,25.24373849914881,109.90045796250061,hotel_id_980
108.13024602026049,82.98590993938639,98.37112708839831,hotel_id_981
189.00691244239633,2084.389802220698,146.60659449515353,hotel_id_982
91.56776556776556,19.92785942663694,88.44769294720825,hotel_id_983
62.48771266540643,5.7238070687976155,61.704264099036514,hotel_id_984
68.86717267552181,9.29791271347251,66.1525591946683,hotel_id_985
260.7402298850575,3927.759829636385,181.38249579378285,hotel_id_986
71.57575757575758,9.171095571095577,54.21537086684542,hotel_id_987
152.3409090909091,267.8076591340348,125.43244241901768,hotel_id_988
105.08658536585367,93.45891628696472,97.06971292077773,hotel_id_989
170.73137973137972,50.913085013329486,156.57851386059878,hotel_id_990
169.25277777777777,208.09734971410856,141.22582714691816,hotel_id_991
84.26062322946176,10.286589114580192,81.25768902178486,hotel_id_992
209.06685236768803,2402.8072400088568,149.14292463973632,hotel_id_993
185.62148962148962,351.1230584140123,161.32780274709225,hotel_id_994
216.12608695652173,164.08132138575164,183.21652948911628,hotel_id_995
117.75113122171946,149.69174720783028,105.10710880389918,hotel_id_996
138.1417050691244,153.31207644347987,124.12554607439094,hotel_id_997
218.416091954023,378.93138632064927,184.2609464498514,hotel_id_998
